time,temperature_2m_max,temperature_2m_min,precipitation_sum,surface_pressure_mean,cloud_cover_mean,wind_speed_10m_max
2020-01-01,0.9,-4.8,0.9,987.3,88,29.0
2020-01-02,1.5,-1.5,3.3,991.3,99,23.2
2020-01-03,2.7,-1.1,0.0,991.7,72,21.9
2020-01-04,0.8,-2.7,1.3,982.9,92,22.4
2020-01-05,1.2,-1.4,0.0,990.3,91,19.9
2020-01-06,-0.8,-3.2,0.0,1004.9,89,12.5
2020-01-07,-0.4,-3.8,0.9,1005.1,96,15.6
2020-01-08,0.6,-0.6,0.6,1002.4,100,22.9
2020-01-09,2.8,-0.8,2.4,993.0,95,26.3
2020-01-10,0.9,-0.4,0.0,996.0,97,17.2
2020-01-11,-0.3,-3.8,4.2,996.1,97,14.4
2020-01-12,0.4,-4.0,0.0,995.7,100,30.8
2020-01-13,1.8,-0.4,1.4,988.9,90,26.2
2020-01-14,0.5,-1.9,0.0,999.5,88,17.9
2020-01-15,2.2,-1.1,3.2,1002.0,98,31.6
2020-01-16,3.8,1.8,0.5,998.3,90,29.8
2020-01-17,3.7,0.7,0.0,1004.7,80,16.8
2020-01-18,1.7,-2.3,0.0,1006.4,77,18.8
2020-01-19,0.6,-1.2,0.0,1006.4,99,17.7
2020-01-20,2.3,-0.1,0.4,1005.8,100,22.9
2020-01-21,3.5,0.2,4.4,989.8,98,30.3
2020-01-22,2.6,-2.7,0.4,979.1,78,29.3
2020-01-23,-1.6,-5.5,1.1,986.6,64,29.7
2020-01-24,0.9,-5.0,3.9,985.9,97,27.2
2020-01-25,2.2,-1.8,3.1,978.6,78,29.7
2020-01-26,1.6,-2.0,1.6,988.6,97,30.3
2020-01-27,2.5,-5.0,1.0,992.9,96,29.6
2020-01-28,-2.1,-5.9,5.7,993.9,100,23.0
2020-01-29,1.4,-1.6,1.1,989.7,100,14.6
2020-01-30,-0.2,-1.3,3.7,982.7,100,20.0
2020-01-31,0.5,-4.0,0.3,980.9,96,10.2
2020-02-01,-0.2,-3.8,0.3,985.3,94,10.2
2020-02-02,2.5,-1.8,7.9,975.0,100,21.8
2020-02-03,2.7,-0.6,2.2,966.0,98,23.0
2020-02-04,-1.4,-4.1,0.7,972.0,86,28.8
2020-02-05,-4.0,-10.1,0.3,986.3,65,26.2
2020-02-06,-1.2,-10.4,2.4,982.9,71,30.0
2020-02-07,-7.9,-10.8,0.3,989.6,97,31.0
2020-02-08,-7.4,-12.4,0.0,1001.7,80,18.3
2020-02-09,-1.4,-11.9,0.0,1001.7,87,23.2
2020-02-10,1.7,-2.5,0.1,986.8,44,34.0
2020-02-11,0.9,-1.8,4.3,974.2,99,30.7
2020-02-12,0.9,-2.6,0.8,980.2,99,24.0
2020-02-13,-1.4,-3.8,0.1,987.3,99,15.6
2020-02-14,1.8,-6.2,0.5,996.0,66,17.3
2020-02-15,1.9,-8.7,0.0,1005.9,48,12.2
2020-02-16,0.9,-3.5,0.1,1005.5,95,25.3
2020-02-17,4.8,0.8,0.4,991.8,96,33.9
2020-02-18,6.2,2.3,0.0,990.6,89,23.1
2020-02-19,4.9,-0.7,0.6,990.0,63,25.2
2020-02-20,6.6,-1.5,0.0,997.6,32,17.7
2020-02-21,7.6,-2.6,0.1,1002.4,7,14.0
2020-02-22,6.2,-1.6,0.0,1002.0,39,31.0
2020-02-23,2.8,0.2,6.4,980.4,81,36.8
2020-02-24,4.4,-1.3,1.3,975.9,61,22.4
2020-02-25,2.5,-4.6,0.0,981.6,15,24.8
2020-02-26,2.3,-6.4,2.8,978.9,76,21.9
2020-02-27,2.8,0.6,2.7,977.0,100,15.7
2020-02-28,3.0,-2.2,0.1,978.9,77,18.6
2020-02-29,1.0,-4.3,0.3,985.7,53,28.9
2020-03-01,4.7,-3.4,0.0,991.3,97,30.9
2020-03-02,4.4,1.4,5.4,991.6,100,25.7
2020-03-03,5.2,1.2,3.6,993.3,100,20.3
2020-03-04,6.4,2.3,0.0,998.3,100,21.3
2020-03-05,7.3,2.4,0.0,997.9,97,33.9
2020-03-06,8.0,3.5,0.3,993.0,96,28.8
2020-03-07,11.9,3.2,0.5,994.2,84,22.4
2020-03-08,8.1,0.1,1.6,995.4,77,16.9
2020-03-09,11.2,-0.6,0.0,1000.4,77,13.7
2020-03-10,9.4,3.3,14.1,993.6,98,19.7
2020-03-11,8.1,3.5,2.7,982.8,99,15.0
2020-03-12,8.8,3.8,1.5,977.2,72,33.3
2020-03-13,6.9,2.1,3.1,973.1,81,47.3
2020-03-14,7.8,-3.5,3.0,981.0,77,34.6
2020-03-15,-0.8,-5.8,1.3,993.7,91,31.1
2020-03-16,5.6,-7.2,0.0,1003.4,52,26.0
2020-03-17,8.9,-0.7,0.0,1002.2,43,20.9
2020-03-18,9.5,0.4,0.0,1002.7,86,26.1
2020-03-19,10.2,1.4,0.3,991.4,65,31.8
2020-03-20,5.9,-0.3,0.9,994.6,42,26.3
2020-03-21,1.4,-4.8,0.0,1000.4,50,18.8
2020-03-22,0.2,-5.9,0.0,1012.1,36,25.2
2020-03-23,0.8,-5.5,0.0,1017.5,48,23.7
2020-03-24,3.7,-5.2,0.0,1015.3,6,23.5
2020-03-25,10.3,-3.8,0.0,1013.7,41,21.7
2020-03-26,14.8,0.4,0.0,1013.3,17,19.4
2020-03-27,14.5,-2.1,0.0,1013.8,87,11.3
2020-03-28,16.9,1.0,0.0,1003.7,72,15.9
2020-03-29,16.0,2.7,0.0,991.1,93,19.1
2020-03-30,3.5,-2.3,1.3,989.8,99,26.7
2020-03-31,-0.9,-5.0,4.9,993.5,96,30.4
2020-04-01,4.1,-6.2,0.1,988.4,74,32.4
2020-04-02,5.0,-1.8,0.5,984.2,93,26.8
2020-04-03,10.6,0.9,0.0,985.4,78,41.3
2020-04-04,7.5,-0.9,0.4,993.8,24,21.1
2020-04-05,5.1,-2.8,0.5,1003.8,42,31.4
2020-04-06,4.8,-3.2,0.0,1011.5,53,26.9
2020-04-07,10.1,-4.2,0.0,1013.1,31,18.0
2020-04-08,13.7,4.8,0.4,998.1,56,24.0
2020-04-09,15.1,0.2,0.1,995.5,58,23.9
2020-04-10,9.1,0.9,0.6,990.4,57,25.7
2020-04-11,5.0,-2.0,1.2,996.3,43,30.2
2020-04-12,7.4,-3.5,0.0,1000.8,46,18.7
2020-04-13,14.9,0.6,0.0,990.3,88,26.1
2020-04-14,9.7,2.4,4.0,983.5,94,21.1
2020-04-15,6.4,0.8,0.8,982.5,81,24.8
2020-04-16,6.8,1.2,7.1,974.1,93,27.8
2020-04-17,7.4,-0.1,1.7,978.0,71,29.8
2020-04-18,6.7,-1.0,1.4,985.9,60,23.9
2020-04-19,6.2,0.1,1.9,991.8,98,14.5
2020-04-20,8.0,-0.1,1.5,997.5,41,22.0
2020-04-21,9.4,-0.6,0.0,999.0,46,31.0
2020-04-22,6.9,1.6,0.3,994.5,69,43.9
2020-04-23,9.4,-0.3,0.3,991.6,58,32.1
2020-04-24,8.3,-3.0,1.0,984.7,82,17.1
2020-04-25,7.2,2.3,0.7,978.9,82,14.4
2020-04-26,9.2,-2.8,0.0,983.7,46,11.8
2020-04-27,10.2,-1.6,0.0,985.9,36,19.1
2020-04-28,9.7,0.2,0.0,989.6,60,18.9
2020-04-29,13.7,5.0,4.3,981.6,66,37.6
2020-04-30,8.3,1.4,0.0,992.5,89,19.6
2020-05-01,11.8,2.3,0.0,997.1,50,16.1
2020-05-02,15.6,1.1,0.0,997.7,26,22.1
2020-05-03,21.7,8.5,2.5,994.6,40,22.4
2020-05-04,19.1,12.2,6.8,995.7,83,17.8
2020-05-05,20.5,11.9,4.1,991.9,84,26.1
2020-05-06,19.9,12.2,8.9,985.9,81,18.9
2020-05-07,18.8,10.3,2.4,983.7,56,29.0
2020-05-08,12.4,6.2,1.6,991.6,73,18.9
2020-05-09,13.9,8.2,1.2,992.1,98,18.2
2020-05-10,15.4,9.4,3.3,987.8,100,30.7
2020-05-11,19.8,6.8,0.0,988.4,29,15.9
2020-05-12,24.4,11.5,1.2,979.1,64,33.4
2020-05-13,12.5,2.8,0.0,988.3,92,38.9
2020-05-14,13.0,5.0,0.5,992.7,69,28.0
2020-05-15,11.9,4.2,0.5,991.1,52,22.4
2020-05-16,14.5,3.5,0.3,992.0,44,24.5
2020-05-17,14.2,6.4,0.8,992.0,39,33.5
2020-05-18,11.9,4.7,4.0,986.9,70,31.0
2020-05-19,11.6,3.1,0.3,991.3,57,27.3
2020-05-20,14.4,1.2,1.8,988.9,41,15.0
2020-05-21,9.9,3.0,6.7,989.3,93,21.8
2020-05-22,8.2,3.1,4.9,993.9,99,19.5
2020-05-23,9.1,3.7,2.1,1000.3,96,11.8
2020-05-24,10.1,5.4,1.0,1000.2,98,14.0
2020-05-25,18.3,6.4,0.3,1003.5,55,14.1
2020-05-26,18.0,5.7,0.0,1008.9,73,11.5
2020-05-27,17.4,9.4,1.9,1005.9,76,10.0
2020-05-28,19.7,7.1,0.0,1004.4,41,12.7
2020-05-29,15.2,11.9,23.8,999.1,98,17.9
2020-05-30,23.3,12.9,3.2,993.8,81,31.1
2020-05-31,14.4,8.9,31.7,992.4,100,27.4
2020-06-01,10.4,8.1,4.4,994.8,100,29.5
2020-06-02,10.1,9.1,7.3,996.1,100,31.3
2020-06-03,13.8,9.7,13.6,992.3,100,23.1
2020-06-04,19.0,11.9,25.7,985.2,75,23.5
2020-06-05,18.5,9.7,4.4,991.2,56,24.6
2020-06-06,21.5,9.2,1.9,994.5,58,15.3
2020-06-07,25.1,14.6,1.8,997.9,45,11.4
2020-06-08,26.8,14.6,1.4,999.7,62,15.3
2020-06-09,27.0,16.1,0.4,1000.7,75,18.9
2020-06-10,26.9,16.9,0.7,1000.6,24,10.5
2020-06-11,28.4,17.0,0.0,998.8,21,11.2
2020-06-12,24.4,14.4,3.3,997.9,56,23.5
2020-06-13,15.5,11.1,13.4,1001.0,79,29.2
2020-06-14,20.3,10.1,0.0,1004.1,79,26.7
2020-06-15,22.2,12.1,0.0,1003.7,79,19.7
2020-06-16,27.5,14.8,0.3,1000.5,66,12.6
2020-06-17,29.2,14.9,0.0,999.5,84,9.8
2020-06-18,29.2,16.1,0.0,999.1,57,16.2
2020-06-19,27.5,18.2,0.3,998.3,68,14.3
2020-06-20,25.8,17.5,4.0,996.8,56,17.7
2020-06-21,18.9,12.6,3.9,999.3,57,22.5
2020-06-22,21.5,8.9,0.0,999.8,3,15.2
2020-06-23,20.9,10.9,0.3,999.0,71,11.7
2020-06-24,24.5,11.8,0.0,1002.6,5,24.2
2020-06-25,26.9,11.4,0.2,1005.7,54,28.3
2020-06-26,24.8,13.8,0.0,1006.1,32,9.1
2020-06-27,28.4,16.5,0.1,998.4,16,23.2
2020-06-28,26.6,14.8,1.2,992.0,41,16.4
2020-06-29,20.0,13.4,0.1,993.0,21,19.3
2020-06-30,23.5,9.6,0.0,991.6,63,23.4
2020-07-01,23.1,15.8,7.9,989.4,65,22.4
2020-07-02,25.4,15.2,0.9,993.2,73,21.9
2020-07-03,27.0,17.0,4.3,994.6,85,16.0
2020-07-04,24.9,16.5,11.3,994.8,93,12.6
2020-07-05,25.5,15.6,0.1,993.8,94,12.1
2020-07-06,27.6,16.9,0.0,992.1,21,14.7
2020-07-07,30.0,16.8,6.3,989.7,37,21.5
2020-07-08,26.6,16.2,17.1,986.3,95,24.7
2020-07-09,19.8,13.4,7.5,993.4,73,19.7
2020-07-10,21.0,10.8,0.1,1001.0,21,12.2
2020-07-11,26.4,14.1,0.0,1000.4,41,27.2
2020-07-12,28.3,16.6,0.4,997.6,26,18.3
2020-07-13,24.9,14.4,1.0,992.9,83,16.1
2020-07-14,19.1,16.1,25.9,989.2,100,33.8
2020-07-15,20.5,14.8,8.8,982.7,77,25.4
2020-07-16,17.2,14.1,5.3,986.8,95,24.7
2020-07-17,19.0,12.9,0.1,994.5,92,17.7
2020-07-18,20.1,12.3,1.7,999.4,60,14.5
2020-07-19,20.6,12.9,4.0,998.6,61,12.4
2020-07-20,21.9,12.9,1.1,994.9,75,16.3
2020-07-21,20.3,15.4,7.5,989.0,92,19.5
2020-07-22,19.5,14.8,4.6,986.9,63,22.9
2020-07-23,17.8,11.6,2.3,990.4,47,25.1
2020-07-24,18.1,9.2,2.5,994.4,51,18.7
2020-07-25,20.6,7.9,0.1,999.6,59,14.2
2020-07-26,23.3,11.8,0.3,1000.8,74,17.7
2020-07-27,24.9,14.8,0.6,1001.9,71,10.5
2020-07-28,26.9,15.3,0.0,1000.2,39,18.0
2020-07-29,28.5,18.3,0.7,995.9,93,21.6
2020-07-30,21.5,15.5,6.2,992.8,58,26.1
2020-07-31,19.4,11.9,0.8,989.4,52,19.8
2020-08-01,19.4,11.4,1.5,986.7,69,14.6
2020-08-02,18.9,13.1,0.7,990.8,69,19.8
2020-08-03,21.7,9.8,0.0,997.1,50,15.0
2020-08-04,24.1,11.1,0.0,1000.5,39,10.6
2020-08-05,25.9,12.8,0.0,1002.0,71,17.4
2020-08-06,27.1,14.7,1.0,1003.8,61,17.6
2020-08-07,23.6,14.1,0.0,1006.6,59,18.8
2020-08-08,23.7,13.1,0.4,1003.8,39,17.9
2020-08-09,24.4,14.4,0.2,998.8,34,18.5
2020-08-10,25.8,11.8,0.4,997.1,39,15.4
2020-08-11,20.5,14.3,0.5,995.3,66,21.8
2020-08-12,17.9,10.9,4.5,994.6,71,19.8
2020-08-13,16.0,12.2,4.0,994.5,95,25.7
2020-08-14,15.8,10.4,0.4,997.4,58,20.5
2020-08-15,18.9,8.3,0.0,998.4,57,15.5
2020-08-16,20.8,12.0,2.5,994.3,66,15.3
2020-08-17,22.8,12.4,0.0,991.6,27,22.4
2020-08-18,20.1,8.8,0.0,993.8,6,14.5
2020-08-19,20.3,8.9,0.0,994.8,65,9.6
2020-08-20,20.4,10.9,0.0,997.8,39,15.6
2020-08-21,21.5,9.7,0.0,1000.9,22,12.6
2020-08-22,24.0,11.0,0.0,1001.4,33,17.0
2020-08-23,24.5,11.4,0.0,997.8,81,20.6
2020-08-24,23.0,14.0,0.8,992.8,92,23.2
2020-08-25,23.5,14.0,0.0,994.5,54,13.0
2020-08-26,19.9,13.1,12.4,987.7,81,27.1
2020-08-27,20.6,9.2,0.9,989.0,61,17.1
2020-08-28,19.2,12.9,4.5,985.9,71,16.1
2020-08-29,20.0,11.8,0.0,993.9,58,17.5
2020-08-30,24.2,12.8,1.5,996.1,87,26.1
2020-08-31,29.5,17.9,0.0,992.0,66,29.6
2020-09-01,22.4,14.0,0.0,995.6,74,20.1
2020-09-02,20.1,10.2,0.0,1007.9,35,19.5
2020-09-03,22.0,11.4,0.0,1009.4,65,24.5
2020-09-04,23.4,13.8,0.0,1005.1,97,21.8
2020-09-05,20.7,15.4,0.0,1001.6,99,19.2
2020-09-06,24.4,12.4,0.0,999.8,61,17.9
2020-09-07,24.4,12.2,0.7,1000.0,82,11.3
2020-09-08,17.8,11.1,9.0,995.3,98,20.5
2020-09-09,15.9,9.8,4.0,990.6,80,26.5
2020-09-10,15.9,9.9,5.8,988.2,67,29.8
2020-09-11,15.3,9.1,0.0,994.3,56,34.5
2020-09-12,17.1,7.4,0.0,1004.2,68,19.3
2020-09-13,18.0,9.8,2.4,998.9,62,28.8
2020-09-14,15.0,8.3,4.4,997.7,37,27.1
2020-09-15,16.9,9.0,0.4,999.8,25,29.3
2020-09-16,16.1,5.8,0.0,1003.6,43,13.7
2020-09-17,22.8,10.3,17.0,989.7,98,30.6
2020-09-18,12.6,7.7,3.8,986.1,79,21.1
2020-09-19,14.4,6.7,0.0,992.7,71,27.8
2020-09-20,12.6,5.7,0.0,997.5,41,30.1
2020-09-21,14.2,5.7,0.0,997.6,94,30.5
2020-09-22,19.3,9.4,0.0,995.3,64,33.5
2020-09-23,21.1,9.1,0.0,997.8,10,17.6
2020-09-24,21.3,8.1,0.0,999.8,66,13.1
2020-09-25,21.5,7.2,0.0,1001.0,47,16.8
2020-09-26,19.9,9.7,0.0,1002.6,55,19.9
2020-09-27,17.6,10.3,0.0,1006.6,52,23.9
2020-09-28,13.6,8.4,1.2,1007.8,84,24.4
2020-09-29,16.7,10.7,0.5,1007.0,91,18.4
2020-09-30,18.4,7.6,0.0,1005.5,50,22.6
2020-10-01,18.4,8.6,0.0,1007.1,55,24.2
2020-10-02,19.0,7.4,0.0,1009.2,77,20.0
2020-10-03,18.5,8.2,0.0,1011.1,95,17.1
2020-10-04,19.2,6.6,0.0,1011.6,45,21.9
2020-10-05,19.5,8.7,0.0,1011.3,90,24.2
2020-10-06,19.5,8.9,0.0,1006.2,70,22.7
2020-10-07,15.5,10.9,0.0,1003.4,97,24.3
2020-10-08,14.9,11.6,0.3,1005.2,97,21.8
2020-10-09,12.6,9.1,7.0,1005.2,100,17.3
2020-10-10,15.4,9.3,2.6,1004.3,87,12.4
2020-10-11,14.4,5.2,0.0,1002.3,93,15.9
2020-10-12,12.8,9.2,1.4,998.9,94,14.0
2020-10-13,16.5,9.9,0.2,999.9,94,16.8
2020-10-14,18.3,8.4,1.2,997.7,63,12.4
2020-10-15,14.8,10.4,5.3,993.2,77,32.8
2020-10-16,10.2,3.2,1.6,994.3,96,16.9
2020-10-17,5.3,1.7,0.0,1000.9,80,19.6
2020-10-18,9.9,1.9,11.8,984.5,96,32.3
2020-10-19,6.4,1.5,0.3,990.5,70,25.5
2020-10-20,4.9,0.4,1.3,994.2,75,31.7
2020-10-21,3.7,-1.5,1.0,1002.2,88,18.6
2020-10-22,6.9,2.0,4.9,996.7,100,22.7
2020-10-23,14.3,7.3,4.1,986.2,80,27.1
2020-10-24,11.0,7.5,1.1,989.0,81,22.3
2020-10-25,10.3,4.0,0.3,994.5,73,13.8
2020-10-26,10.6,4.1,0.0,1004.2,71,10.7
2020-10-27,10.8,5.9,0.0,1007.5,84,19.4
2020-10-28,10.2,3.8,0.0,1005.0,12,20.4
2020-10-29,9.0,2.8,0.0,1003.5,58,15.9
2020-10-30,6.2,-0.6,0.0,998.7,74,11.9
2020-10-31,8.9,1.1,0.0,1001.3,70,13.2
2020-11-01,6.2,3.4,2.8,1005.3,91,22.4
2020-11-02,6.5,4.0,0.2,1004.1,100,16.3
2020-11-03,8.3,5.2,0.0,1005.9,96,16.3
2020-11-04,8.9,5.6,0.0,1008.9,86,17.7
2020-11-05,8.4,5.2,3.0,1001.5,89,25.9
2020-11-06,7.1,3.7,3.3,990.5,70,33.6
2020-11-07,10.0,4.0,0.1,995.5,48,30.9
2020-11-08,9.7,2.0,3.2,994.7,73,26.6
2020-11-09,2.6,-1.6,0.0,1003.6,36,27.1
2020-11-10,3.8,1.0,0.0,1005.5,75,28.5
2020-11-11,2.2,0.2,0.0,1010.9,88,20.0
2020-11-12,1.9,-4.1,0.0,1012.4,82,12.7
2020-11-13,3.9,0.9,0.0,1012.4,100,7.9
2020-11-14,2.7,0.1,0.3,1010.2,97,10.2
2020-11-15,1.6,-0.2,1.6,1011.1,99,17.6
2020-11-16,0.2,-5.3,0.0,1015.6,69,18.2
2020-11-17,-3.6,-6.8,0.0,1019.5,9,19.1
2020-11-18,-2.0,-5.7,1.5,1015.7,89,27.6
2020-11-19,1.1,-2.8,4.0,1004.6,100,31.9
2020-11-20,0.2,-0.6,4.9,999.5,100,31.4
2020-11-21,0.7,-1.5,1.4,1008.0,100,15.5
2020-11-22,-1.4,-3.1,1.9,1002.2,99,26.3
2020-11-23,1.2,-2.2,3.8,991.0,99,19.9
2020-11-24,1.9,0.4,1.1,989.9,98,16.1
2020-11-25,1.4,-1.1,0.3,995.6,86,15.2
2020-11-26,1.4,-3.1,2.2,999.1,94,17.3
2020-11-27,2.2,0.5,1.5,991.7,100,16.7
2020-11-28,1.8,0.1,1.9,1001.7,98,12.6
2020-11-29,3.0,0.3,1.7,1008.6,100,27.8
2020-11-30,3.5,0.3,2.7,1009.7,100,25.7
2020-12-01,0.3,-2.3,1.3,1012.2,100,20.1
2020-12-02,-1.6,-6.2,0.3,1016.7,74,11.8
2020-12-03,-4.3,-7.4,0.8,1014.9,87,16.8
2020-12-04,-3.0,-4.8,1.0,1014.7,96,18.5
2020-12-05,-1.9,-7.8,0.0,1018.4,49,16.4
2020-12-06,-3.1,-8.9,0.0,1022.9,0,13.7
2020-12-07,-4.2,-9.6,0.0,1024.4,0,11.9
2020-12-08,-3.2,-9.6,0.0,1022.8,0,11.8
2020-12-09,-3.0,-8.9,0.0,1021.5,0,14.5
2020-12-10,-4.8,-9.4,0.0,1017.7,0,15.3
2020-12-11,-3.2,-9.1,0.0,1013.9,50,16.1
2020-12-12,-6.8,-11.6,0.0,1011.9,26,18.2
2020-12-13,-4.6,-6.8,2.8,1009.5,99,20.3
2020-12-14,-3.8,-4.9,0.4,1006.1,100,17.5
2020-12-15,-4.1,-5.4,5.1,1002.6,99,14.5
2020-12-16,-1.4,-4.6,0.1,1004.4,99,19.0
2020-12-17,1.9,-1.4,3.1,999.5,100,22.7
2020-12-18,1.0,-2.5,0.1,1006.5,99,22.1
2020-12-19,-2.3,-3.0,2.5,1007.8,100,18.6
2020-12-20,0.0,-2.6,0.0,1010.6,100,14.8
2020-12-21,0.9,0.2,0.0,1012.4,99,17.1
2020-12-22,0.6,-4.7,0.0,1010.6,100,17.1
2020-12-23,-2.2,-8.2,0.0,1003.7,87,19.1
2020-12-24,-3.8,-8.5,0.9,998.9,100,17.6
2020-12-25,-0.9,-6.7,8.9,988.6,100,29.8
2020-12-26,0.3,-2.2,1.0,986.7,98,21.9
2020-12-27,-1.8,-10.6,1.0,998.8,100,22.9
2020-12-28,-7.4,-16.5,0.0,1011.6,37,13.4
2020-12-29,-5.4,-11.4,0.4,1007.4,87,27.5
2020-12-30,-1.0,-5.3,2.1,1002.9,100,25.8
2020-12-31,1.0,-4.3,2.3,1000.3,100,20.4
2021-01-01,-0.1,-2.0,3.2,998.7,100,18.4
2021-01-02,0.5,-1.1,3.1,998.1,100,19.5
2021-01-03,0.1,-1.9,1.0,1008.2,99,17.2
2021-01-04,0.2,-1.6,2.7,1009.4,100,18.1
2021-01-05,-0.9,-3.7,0.0,1009.6,100,14.1
2021-01-06,-3.8,-5.1,0.0,1005.6,100,9.0
2021-01-07,-5.2,-6.7,3.7,1001.5,98,11.2
2021-01-08,-4.0,-6.2,0.4,995.0,99,18.7
2021-01-09,-5.3,-6.6,1.8,994.4,100,15.9
2021-01-10,-5.9,-12.4,1.4,996.2,93,17.3
2021-01-11,-9.9,-13.9,0.6,1000.8,93,10.0
2021-01-12,-11.3,-15.2,0.5,1001.6,92,16.2
2021-01-13,-9.9,-13.5,0.9,1000.7,99,30.9
2021-01-14,-13.1,-17.1,8.1,988.8,99,31.9
2021-01-15,-17.5,-20.9,0.0,990.8,85,11.6
2021-01-16,-16.1,-17.9,9.0,987.7,100,22.6
2021-01-17,-17.3,-24.8,0.1,994.0,62,21.5
2021-01-18,-19.1,-27.8,0.0,999.2,84,10.1
2021-01-19,-13.9,-21.0,0.4,997.5,99,12.0
2021-01-20,-8.9,-14.9,0.2,998.7,46,19.8
2021-01-21,-11.0,-17.2,2.5,996.3,84,19.2
2021-01-22,-1.2,-12.3,0.8,992.1,100,18.4
2021-01-23,1.1,-2.0,0.2,991.4,100,16.2
2021-01-24,2.6,-0.1,0.2,993.8,100,24.1
2021-01-25,2.9,-0.6,0.3,993.5,97,26.8
2021-01-26,0.9,-0.4,1.1,989.4,99,34.9
2021-01-27,1.0,-3.0,0.4,985.8,99,36.9
2021-01-28,0.2,-7.0,4.5,986.1,98,23.1
2021-01-29,0.5,-2.2,3.3,977.1,96,33.5
2021-01-30,-2.5,-5.1,0.9,975.1,90,31.6
2021-01-31,-4.0,-5.0,3.1,976.1,96,29.5
2021-02-01,-2.7,-7.5,0.0,988.7,69,32.7
2021-02-02,-5.9,-12.0,0.0,997.3,89,13.9
2021-02-03,-3.4,-11.2,1.2,992.9,99,18.8
2021-02-04,-2.0,-6.5,5.0,984.6,99,23.5
2021-02-05,-6.7,-13.1,2.2,987.2,94,27.1
2021-02-06,-13.7,-18.9,0.0,990.0,99,25.3
2021-02-07,-10.4,-19.6,0.2,993.4,88,27.7
2021-02-08,-13.8,-22.0,0.0,1001.1,50,20.2
2021-02-09,-13.8,-23.1,2.9,1001.7,92,22.4
2021-02-10,-12.6,-16.9,1.9,997.1,90,20.2
2021-02-11,-13.5,-18.2,0.4,998.9,87,14.9
2021-02-12,-14.7,-15.9,10.7,996.2,100,30.9
2021-02-13,-14.2,-16.0,13.6,987.2,100,34.0
2021-02-14,-11.6,-16.5,1.5,990.2,93,27.7
2021-02-15,-16.1,-23.0,0.0,1003.5,3,21.7
2021-02-16,-13.1,-25.9,1.6,1001.9,60,33.0
2021-02-17,-10.4,-14.1,1.8,995.3,97,24.6
2021-02-18,-13.2,-19.2,0.0,1002.1,48,16.2
2021-02-19,-12.8,-20.3,0.0,1003.3,36,21.5
2021-02-20,-11.6,-21.2,0.2,1005.9,75,10.4
2021-02-21,-7.7,-14.9,3.8,1001.6,98,15.3
2021-02-22,-9.7,-21.1,1.0,1008.7,69,19.6
2021-02-23,-21.5,-26.6,0.0,1023.4,33,15.8
2021-02-24,-13.2,-22.0,2.4,1015.9,100,21.3
2021-02-25,3.0,-12.8,5.7,996.8,100,25.0
2021-02-26,5.1,2.3,1.1,986.8,97,38.1
2021-02-27,2.3,-4.1,0.6,988.4,76,35.7
2021-02-28,0.7,-4.7,0.1,996.9,82,16.1
2021-03-01,2.2,-6.2,0.0,1001.7,71,27.6
2021-03-02,3.0,-1.2,0.2,990.5,74,28.5
2021-03-03,2.0,-4.6,0.0,994.1,37,27.3
2021-03-04,1.4,-4.4,2.5,982.5,99,33.0
2021-03-05,-2.5,-10.9,0.1,988.6,35,20.5
2021-03-06,-4.9,-14.0,0.0,995.9,22,18.4
2021-03-07,-1.9,-11.0,6.8,979.6,95,41.6
2021-03-08,-5.4,-9.8,1.0,981.5,91,25.5
2021-03-09,-10.9,-16.6,0.0,996.3,84,20.2
2021-03-10,-14.2,-23.2,0.0,1006.6,8,14.2
2021-03-11,-9.9,-25.0,0.0,1009.4,0,17.2
2021-03-12,-7.4,-18.6,0.4,1000.9,66,34.3
2021-03-13,-2.8,-7.9,3.7,993.4,99,33.4
2021-03-14,2.2,-2.5,2.1,990.4,100,29.9
2021-03-15,2.3,-1.6,3.0,989.9,79,31.4
2021-03-16,1.0,-3.5,2.2,996.4,98,18.6
2021-03-17,1.1,-2.8,0.0,994.4,86,14.6
2021-03-18,2.5,-2.5,0.8,989.9,91,11.8
2021-03-19,1.1,-5.7,0.3,993.7,57,14.7
2021-03-20,-0.9,-7.7,0.2,996.4,52,15.2
2021-03-21,0.4,-8.2,0.6,984.5,64,28.3
2021-03-22,1.5,-5.8,0.4,981.1,77,23.7
2021-03-23,-0.2,-6.8,0.1,992.1,41,19.3
2021-03-24,3.3,-10.1,0.0,1000.0,6,13.4
2021-03-25,5.4,-4.6,0.0,997.8,27,14.9
2021-03-26,5.7,-3.7,0.1,998.2,60,12.8
2021-03-27,5.6,-3.7,0.0,1002.0,48,15.2
2021-03-28,5.3,-5.3,0.0,1007.3,3,13.7
2021-03-29,4.1,-5.6,0.0,1013.0,0,15.1
2021-03-30,4.6,-3.3,3.6,1011.0,76,29.4
2021-03-31,4.9,1.6,4.6,997.3,98,32.1
2021-04-01,7.2,1.4,6.1,991.0,99,19.1
2021-04-02,5.1,-1.7,8.3,987.7,94,12.5
2021-04-03,5.8,-5.1,0.2,988.7,58,12.9
2021-04-04,6.3,-6.2,0.1,990.9,34,15.6
2021-04-05,7.7,-1.9,0.0,986.9,68,26.4
2021-04-06,11.1,0.9,0.0,984.0,75,30.6
2021-04-07,10.9,0.3,3.5,983.8,99,29.2
2021-04-08,4.4,-0.8,11.4,980.7,84,36.8
2021-04-09,8.4,-2.1,0.2,1000.7,13,16.8
2021-04-10,11.1,-1.1,0.0,1006.1,13,24.5
2021-04-11,16.1,1.2,0.0,1009.3,0,13.6
2021-04-12,14.4,1.0,0.0,1012.0,80,25.6
2021-04-13,21.4,7.2,0.0,1005.2,72,21.7
2021-04-14,20.6,8.4,0.0,1000.2,70,18.2
2021-04-15,20.1,6.1,0.0,997.7,90,27.7
2021-04-16,16.9,6.6,0.1,1000.9,89,23.2
2021-04-17,17.5,6.3,0.0,1002.8,56,24.1
2021-04-18,13.9,5.1,0.6,1002.7,63,25.9
2021-04-19,13.2,5.9,0.0,1004.3,86,23.6
2021-04-20,9.0,2.6,4.9,1001.6,96,24.5
2021-04-21,6.9,1.4,7.2,988.5,100,18.7
2021-04-22,14.2,3.0,2.2,995.0,69,24.8
2021-04-23,14.4,5.8,5.9,995.2,63,24.9
2021-04-24,5.4,2.1,11.2,988.7,100,22.2
2021-04-25,7.2,0.9,0.4,988.2,89,36.2
2021-04-26,8.1,0.1,0.2,992.6,38,27.6
2021-04-27,3.8,1.6,9.6,989.2,100,20.6
2021-04-28,8.9,0.7,1.4,993.7,75,23.2
2021-04-29,10.4,1.2,0.0,999.7,64,17.3
2021-04-30,14.9,4.1,3.6,991.0,99,33.7
2021-05-01,12.2,5.0,0.4,991.7,51,21.9
2021-05-02,13.2,3.0,0.0,997.6,85,15.8
2021-05-03,18.2,6.7,11.5,983.8,79,27.9
2021-05-04,6.8,3.7,1.7,981.4,85,35.2
2021-05-05,13.4,3.4,1.2,988.1,76,29.5
2021-05-06,15.2,7.2,3.4,987.0,90,35.0
2021-05-07,13.8,4.0,0.2,992.3,56,19.3
2021-05-08,9.9,7.1,24.9,988.8,100,25.5
2021-05-09,9.1,4.7,4.0,992.7,91,31.1
2021-05-10,15.4,2.6,0.0,1006.8,0,19.6
2021-05-11,20.8,3.7,0.0,1008.0,1,19.6
2021-05-12,23.4,8.5,1.0,1004.7,77,25.7
2021-05-13,18.8,7.1,0.1,999.4,54,21.8
2021-05-14,22.3,7.4,0.7,997.1,72,20.7
2021-05-15,22.7,13.4,0.8,990.6,71,25.5
2021-05-16,23.0,11.4,1.9,994.1,19,22.1
2021-05-17,28.1,10.1,0.0,993.9,38,25.1
2021-05-18,28.9,15.9,0.0,990.0,37,25.3
2021-05-19,24.0,15.9,0.5,987.8,27,31.3
2021-05-20,19.9,12.4,0.8,985.7,78,23.2
2021-05-21,16.3,12.0,0.4,987.2,80,26.1
2021-05-22,20.0,6.1,0.1,995.6,18,23.7
2021-05-23,22.2,10.1,0.0,994.3,45,26.2
2021-05-24,20.0,9.1,0.0,998.4,48,21.1
2021-05-25,20.2,8.2,0.0,1003.8,48,13.0
2021-05-26,23.5,9.1,0.5,1002.2,63,16.5
2021-05-27,20.2,14.6,11.3,999.5,89,11.7
2021-05-28,22.0,14.0,1.2,995.6,93,8.9
2021-05-29,19.0,11.3,14.1,991.9,92,26.4
2021-05-30,13.9,8.1,0.0,997.7,91,28.3
2021-05-31,12.9,6.2,0.0,1001.2,75,16.8
2021-06-01,17.0,4.9,0.0,1002.1,47,18.1
2021-06-02,19.4,7.1,0.0,1004.9,28,21.9
2021-06-03,21.5,8.7,0.0,1006.2,8,28.1
2021-06-04,22.3,10.6,0.0,1005.5,13,25.7
2021-06-05,22.9,10.4,0.0,1000.3,31,23.6
2021-06-06,24.0,11.4,1.2,996.4,46,19.8
2021-06-07,22.6,12.4,2.3,994.7,81,12.8
2021-06-08,21.8,12.1,5.6,993.6,76,14.3
2021-06-09,19.6,13.8,5.6,993.7,95,21.4
2021-06-10,17.0,13.4,8.3,994.6,99,19.6
2021-06-11,18.7,12.2,11.2,994.6,86,18.6
2021-06-12,21.3,14.1,1.7,991.4,67,10.4
2021-06-13,23.3,12.5,3.6,989.2,34,15.1
2021-06-14,25.7,13.1,3.0,995.4,30,16.5
2021-06-15,25.0,14.6,0.2,995.3,29,14.8
2021-06-16,23.1,14.7,0.1,995.5,27,20.8
2021-06-17,24.1,10.9,0.0,1005.0,10,13.8
2021-06-18,25.2,13.4,0.0,1008.8,12,10.1
2021-06-19,27.6,14.1,0.0,1007.1,0,12.5
2021-06-20,29.2,14.9,0.0,1004.4,3,10.6
2021-06-21,30.4,17.6,0.0,1003.1,70,10.2
2021-06-22,32.4,17.2,0.0,1003.0,6,10.5
2021-06-23,33.3,19.5,0.0,1003.4,4,9.4
2021-06-24,33.2,19.4,0.0,1002.1,29,12.9
2021-06-25,32.2,21.4,0.9,998.9,58,16.9
2021-06-26,32.1,18.9,0.0,996.0,39,10.8
2021-06-27,31.8,20.5,0.9,993.8,43,14.3
2021-06-28,30.0,19.5,7.1,988.0,50,23.3
2021-06-29,22.6,16.7,1.6,987.1,57,24.5
2021-06-30,22.4,14.4,1.1,988.4,64,26.5
2021-07-01,23.0,17.0,4.2,989.8,80,20.0
2021-07-02,22.1,16.2,1.1,991.8,53,16.1
2021-07-03,21.5,14.4,0.0,993.8,53,17.0
2021-07-04,22.2,15.0,0.2,995.5,71,18.4
2021-07-05,25.4,15.0,0.0,997.7,11,17.9
2021-07-06,27.0,14.7,0.0,1000.4,4,15.9
2021-07-07,27.9,13.4,0.0,1004.7,0,9.4
2021-07-08,29.5,14.9,0.0,1007.2,26,9.5
2021-07-09,31.4,17.0,0.0,1005.1,7,10.2
2021-07-10,32.4,19.2,0.1,1001.2,25,16.2
2021-07-11,31.2,20.5,0.0,1000.3,6,14.5
2021-07-12,30.9,17.8,0.0,1001.8,0,9.4
2021-07-13,32.0,17.5,0.0,1000.8,0,12.1
2021-07-14,33.0,19.7,0.0,998.4,16,13.3
2021-07-15,31.7,19.2,0.3,995.1,40,17.5
2021-07-16,31.8,19.4,0.0,993.9,29,14.3
2021-07-17,30.5,20.4,1.8,993.7,39,19.5
2021-07-18,30.1,18.8,0.1,991.6,54,15.5
2021-07-19,29.1,19.3,0.0,989.6,61,16.3
2021-07-20,26.0,18.5,0.0,990.2,50,20.7
2021-07-21,24.3,14.7,0.0,990.4,73,20.4
2021-07-22,22.2,13.6,0.0,992.0,22,24.1
2021-07-23,21.5,13.1,1.1,989.8,47,30.1
2021-07-24,21.1,12.4,0.5,995.0,57,12.1
2021-07-25,23.2,11.6,0.3,1002.1,53,12.9
2021-07-26,26.0,13.9,0.0,1004.0,44,14.1
2021-07-27,28.1,13.9,0.0,1002.1,14,8.6
2021-07-28,24.4,15.4,6.2,996.5,89,16.8
2021-07-29,25.2,17.8,7.2,988.9,91,21.1
2021-07-30,23.8,17.6,9.9,987.1,78,12.2
2021-07-31,25.2,16.6,0.2,987.7,13,25.3
2021-08-01,24.6,13.9,3.0,992.2,79,17.4
2021-08-02,29.0,17.0,2.6,989.5,92,25.4
2021-08-03,22.8,16.0,0.2,990.3,30,19.7
2021-08-04,22.4,12.9,0.0,997.1,24,11.7
2021-08-05,23.1,11.5,0.2,998.3,75,13.0
2021-08-06,23.2,14.9,4.1,993.5,94,17.8
2021-08-07,28.0,16.8,1.8,991.5,65,21.4
2021-08-08,25.2,17.9,2.0,996.8,82,12.6
2021-08-09,28.0,16.2,0.0,999.7,30,8.1
2021-08-10,27.9,18.1,9.5,998.2,59,19.0
2021-08-11,22.6,19.2,22.5,997.1,100,13.8
2021-08-12,22.8,17.4,20.9,992.7,82,13.7
2021-08-13,21.8,14.8,0.2,997.2,59,26.4
2021-08-14,23.9,12.6,0.3,1002.3,25,10.9
2021-08-15,25.5,13.5,0.0,997.6,31,20.9
2021-08-16,27.4,15.1,0.2,996.4,65,15.9
2021-08-17,28.8,16.8,0.0,996.2,52,16.3
2021-08-18,28.6,17.4,0.9,993.1,36,18.6
2021-08-19,23.7,17.1,1.6,992.5,80,15.5
2021-08-20,24.5,13.6,0.0,995.0,53,10.5
2021-08-21,19.5,16.5,6.6,994.4,94,17.8
2021-08-22,20.2,13.7,0.5,995.3,62,19.7
2021-08-23,19.8,10.9,0.0,1000.4,27,15.3
2021-08-24,19.2,9.6,0.1,1001.4,59,13.5
2021-08-25,18.1,7.2,0.0,999.5,71,11.3
2021-08-26,21.0,13.3,2.7,996.7,80,17.1
2021-08-27,22.3,15.1,3.4,1001.4,79,21.7
2021-08-28,20.6,13.6,0.0,1002.6,46,21.3
2021-08-29,22.9,13.2,0.1,999.1,79,14.9
2021-08-30,24.2,14.8,6.0,997.4,80,13.7
2021-08-31,25.6,16.0,0.3,994.4,88,18.3
2021-09-01,19.2,13.6,13.7,985.0,95,22.9
2021-09-02,14.9,8.6,0.2,986.7,61,17.0
2021-09-03,12.6,5.3,5.8,983.3,55,29.5
2021-09-04,11.6,5.7,2.5,987.1,54,29.8
2021-09-05,10.3,4.3,1.1,997.9,64,22.7
2021-09-06,11.8,3.5,0.1,1003.6,32,16.2
2021-09-07,13.2,5.4,1.8,1003.8,84,27.6
2021-09-08,14.5,10.6,1.2,1000.5,94,24.3
2021-09-09,18.2,12.9,0.8,996.3,65,27.3
2021-09-10,19.8,12.9,0.8,997.5,57,24.3
2021-09-11,18.2,9.9,0.0,1000.5,76,14.1
2021-09-12,21.1,13.7,0.1,995.7,70,14.8
2021-09-13,22.4,14.1,0.0,989.8,61,25.3
2021-09-14,15.4,10.4,0.0,989.3,84,29.7
2021-09-15,12.4,7.2,0.0,993.1,88,22.3
2021-09-16,9.6,4.4,0.1,999.6,82,18.6
2021-09-17,8.3,4.4,0.2,1001.8,88,10.0
2021-09-18,10.8,1.1,0.0,1004.8,75,21.4
2021-09-19,9.0,4.4,3.5,1003.2,99,29.2
2021-09-20,6.9,4.8,13.2,998.3,100,32.9
2021-09-21,7.6,5.8,14.6,995.3,100,27.4
2021-09-22,8.2,4.7,6.0,993.7,92,15.8
2021-09-23,10.9,3.5,6.2,993.8,92,13.1
2021-09-24,11.4,5.8,0.5,987.0,74,28.9
2021-09-25,11.3,5.3,6.4,986.3,82,21.3
2021-09-26,11.7,8.1,7.1,988.5,85,24.3
2021-09-27,10.8,7.2,0.8,1002.5,98,25.5
2021-09-28,10.3,3.0,0.1,1010.9,57,19.0
2021-09-29,10.1,0.1,0.0,1016.2,65,14.3
2021-09-30,7.8,4.5,0.0,1016.9,93,7.2
2021-10-01,8.1,3.5,0.0,1017.1,85,8.6
2021-10-02,9.4,3.2,0.0,1016.4,89,6.4
2021-10-03,10.1,1.5,0.0,1016.0,78,11.6
2021-10-04,10.6,0.9,0.0,1017.8,73,10.5
2021-10-05,9.3,4.5,0.0,1021.2,91,16.4
2021-10-06,11.9,2.6,0.0,1023.6,39,13.4
2021-10-07,10.9,-0.7,0.0,1024.1,1,11.3
2021-10-08,11.7,-2.2,0.0,1022.2,0,10.7
2021-10-09,12.4,-1.9,0.0,1018.1,30,12.7
2021-10-10,13.1,0.1,0.0,1014.3,18,11.9
2021-10-11,12.4,-1.5,0.0,1008.3,23,10.9
2021-10-12,12.8,2.5,0.0,1000.2,81,17.7
2021-10-13,13.7,5.1,0.5,996.0,91,15.0
2021-10-14,8.5,6.7,11.2,992.6,100,12.9
2021-10-15,8.3,4.8,9.1,994.8,93,28.1
2021-10-16,10.9,4.9,0.6,993.8,86,27.9
2021-10-17,7.8,3.4,0.0,993.9,52,26.2
2021-10-18,7.2,1.5,2.2,990.8,47,24.3
2021-10-19,5.1,0.9,0.5,995.3,93,20.5
2021-10-20,3.4,-1.8,3.0,998.8,96,29.1
2021-10-21,13.1,4.2,2.9,980.2,100,31.1
2021-10-22,12.6,6.2,0.5,977.6,69,40.1
2021-10-23,8.6,2.3,0.0,985.6,47,30.2
2021-10-24,4.4,-0.2,0.6,995.8,84,27.0
2021-10-25,2.8,-3.7,0.0,1009.0,73,20.4
2021-10-26,6.9,-0.6,0.0,1002.8,95,21.8
2021-10-27,6.1,2.2,0.1,996.1,97,22.1
2021-10-28,10.1,2.0,0.9,994.5,82,23.9
2021-10-29,8.9,1.2,0.5,1005.5,94,24.8
2021-10-30,11.9,6.8,0.0,1006.7,64,25.6
2021-10-31,7.2,4.4,0.0,1006.0,24,23.4
2021-11-01,9.1,0.2,0.0,1003.8,1,14.2
2021-11-02,4.5,-0.3,0.0,1003.5,92,20.1
2021-11-03,7.0,2.0,1.7,1001.1,95,27.5
2021-11-04,9.0,3.8,4.0,1002.4,98,23.5
2021-11-05,11.9,3.8,4.9,999.8,100,27.0
2021-11-06,11.9,5.9,0.4,992.5,84,32.8
2021-11-07,6.9,3.6,3.7,991.6,94,33.9
2021-11-08,6.4,4.3,2.3,984.4,94,25.5
2021-11-09,2.8,-3.1,2.8,996.6,68,30.5
2021-11-10,0.7,-5.0,0.0,1012.2,56,25.0
2021-11-11,2.0,-0.7,4.3,1001.7,99,31.6
2021-11-12,5.4,0.2,4.6,989.4,94,30.7
2021-11-13,4.4,2.4,0.6,1000.9,97,26.3
2021-11-14,2.0,-1.2,1.4,1009.2,100,18.3
2021-11-15,1.1,-2.1,0.2,1013.8,88,24.5
2021-11-16,0.6,-2.5,0.0,1011.9,99,28.1
2021-11-17,0.0,-2.8,0.0,1005.7,100,19.4
2021-11-18,-0.1,-2.0,0.4,998.9,100,24.1
2021-11-19,2.4,0.2,0.9,987.4,100,20.9
2021-11-20,1.8,0.2,8.1,968.3,99,31.6
2021-11-21,2.3,-1.4,1.9,975.4,83,28.0
2021-11-22,-1.0,-4.1,0.2,986.9,61,26.8
2021-11-23,-1.8,-6.2,0.0,997.8,70,15.3
2021-11-24,1.3,-7.7,2.3,993.9,75,36.6
2021-11-25,2.1,0.3,0.4,992.5,100,26.0
2021-11-26,2.2,-0.3,0.5,988.5,98,30.0
2021-11-27,2.2,-0.4,3.3,986.8,100,30.8
2021-11-28,3.8,-1.2,0.8,984.5,100,23.4
2021-11-29,4.4,-0.4,2.1,983.2,100,20.5
2021-11-30,6.9,-3.0,19.8,955.6,100,43.1
2021-12-01,-2.2,-8.9,6.9,969.0,96,34.3
2021-12-02,-0.2,-9.6,2.7,979.6,96,20.7
2021-12-03,1.5,-0.2,6.8,980.1,97,23.2
2021-12-04,-0.4,-7.9,0.2,985.4,83,26.3
2021-12-05,-2.2,-6.9,2.1,994.4,100,13.1
2021-12-06,-3.0,-5.0,1.0,1001.2,100,18.4
2021-12-07,0.1,-5.4,9.1,995.5,100,23.0
2021-12-08,-1.3,-9.8,0.3,999.6,100,17.4
2021-12-09,-10.2,-14.8,0.4,1006.2,76,17.0
2021-12-10,-12.1,-16.1,0.0,1013.1,100,18.4
2021-12-11,-10.6,-16.1,0.0,1014.4,100,18.7
2021-12-12,-3.2,-10.7,0.2,1012.8,100,21.3
2021-12-13,-2.3,-4.0,4.2,1007.8,100,17.8
2021-12-14,-2.7,-5.2,6.3,1006.2,100,8.4
2021-12-15,-1.5,-5.8,0.4,1002.8,99,17.2
2021-12-16,1.2,-2.0,3.5,991.7,100,25.8
2021-12-17,1.4,-0.6,0.6,991.3,100,18.3
2021-12-18,-0.6,-3.5,0.5,994.7,100,16.3
2021-12-19,-0.1,-4.1,5.8,969.2,99,24.8
2021-12-20,-4.2,-15.4,2.4,975.4,100,26.7
2021-12-21,-16.3,-19.6,0.6,988.8,100,18.6
2021-12-22,-20.9,-25.6,0.2,994.2,80,15.3
2021-12-23,-10.8,-23.2,0.1,994.4,92,23.9
2021-12-24,-10.3,-14.9,0.4,987.4,97,31.4
2021-12-25,-6.6,-14.4,3.3,974.8,89,30.0
2021-12-26,-5.9,-15.4,1.6,980.3,87,39.2
2021-12-27,-8.8,-15.8,0.2,994.0,78,25.9
2021-12-28,-9.9,-16.8,0.1,1004.4,59,14.6
2021-12-29,-11.0,-15.8,0.0,1005.8,98,20.3
2021-12-30,-8.6,-15.5,0.0,1000.4,100,14.6
2021-12-31,-3.2,-8.6,1.6,991.2,100,17.4
2022-01-01,-0.9,-4.0,2.2,982.5,100,19.5
2022-01-02,-3.9,-12.4,0.0,991.5,97,28.0
2022-01-03,-8.4,-14.7,0.0,984.4,98,17.6
2022-01-04,-7.8,-10.6,0.1,983.7,92,15.2
2022-01-05,-5.5,-11.1,5.0,978.9,100,24.8
2022-01-06,0.3,-4.3,1.2,976.3,92,27.7
2022-01-07,-0.6,-8.0,0.6,982.6,83,29.2
2022-01-08,-4.0,-10.0,0.3,998.7,89,24.6
2022-01-09,-3.8,-6.6,3.9,999.2,100,24.1
2022-01-10,-6.4,-8.9,4.9,997.2,100,24.0
2022-01-11,-7.2,-13.1,0.3,1007.0,100,26.0
2022-01-12,-12.6,-17.5,0.1,1008.6,97,22.7
2022-01-13,-2.0,-19.1,1.2,991.3,98,34.5
2022-01-14,1.6,-2.2,1.9,962.6,98,36.9
2022-01-15,-2.0,-3.7,1.4,971.2,99,36.5
2022-01-16,-3.3,-7.2,0.0,987.2,78,27.9
2022-01-17,-2.0,-5.9,3.2,972.0,100,31.8
2022-01-18,-2.0,-9.8,2.8,981.5,92,35.0
2022-01-19,-6.2,-12.1,0.1,995.8,73,22.8
2022-01-20,-2.8,-5.8,1.4,985.6,100,28.5
2022-01-21,-3.1,-7.5,4.0,979.7,100,26.8
2022-01-22,-4.2,-7.6,2.2,986.4,100,22.7
2022-01-23,-4.6,-7.6,0.3,1005.9,92,15.3
2022-01-24,-7.3,-11.9,0.0,1015.0,94,9.1
2022-01-25,-8.1,-10.8,0.7,1003.0,100,18.4
2022-01-26,-4.2,-9.2,2.0,995.3,99,16.1
2022-01-27,-6.9,-12.1,0.0,994.5,83,24.5
2022-01-28,-5.8,-8.9,1.6,986.5,100,29.6
2022-01-29,-5.5,-8.0,3.0,985.4,100,16.3
2022-01-30,-3.3,-6.5,1.4,978.2,100,26.5
2022-01-31,-1.7,-4.2,4.5,973.9,100,23.2
2022-02-01,-1.1,-5.8,1.4,976.0,98,26.5
2022-02-02,-3.5,-6.7,0.1,985.3,99,25.2
2022-02-03,-5.9,-8.8,1.1,992.1,96,14.9
2022-02-04,-6.1,-11.1,0.9,994.7,87,13.2
2022-02-05,-8.3,-12.1,0.0,994.1,79,15.9
2022-02-06,-6.8,-11.8,2.8,985.3,100,16.9
2022-02-07,-0.8,-7.8,2.4,983.1,96,24.4
2022-02-08,1.0,-1.7,0.3,986.0,98,19.7
2022-02-09,-0.9,-5.3,0.4,988.7,85,16.5
2022-02-10,1.0,-2.2,1.2,987.8,84,21.3
2022-02-11,0.6,-3.3,0.2,989.1,62,22.6
2022-02-12,-0.9,-5.2,0.0,995.6,56,25.8
2022-02-13,0.6,-4.1,0.0,1000.7,98,30.6
2022-02-14,-0.2,-3.6,0.0,997.8,100,24.7
2022-02-15,0.5,-4.8,0.0,1000.2,59,23.5
2022-02-16,-0.8,-6.2,0.0,998.4,76,25.7
2022-02-17,1.7,-2.8,2.5,980.4,100,40.6
2022-02-18,2.4,-2.5,3.3,972.4,78,37.5
2022-02-19,1.9,-3.4,3.3,978.3,74,44.1
2022-02-20,1.3,-1.8,2.5,977.6,88,34.1
2022-02-21,1.0,-3.0,2.5,981.3,89,25.9
2022-02-22,3.2,0.9,3.4,976.8,90,31.7
2022-02-23,1.2,-3.8,0.7,986.6,94,25.7
2022-02-24,-0.1,-5.6,0.2,1002.2,74,14.8
2022-02-25,1.8,-6.3,0.0,1001.0,39,22.4
2022-02-26,1.6,-5.1,0.1,1000.9,87,15.9
2022-02-27,-0.9,-7.0,0.0,1013.1,21,21.1
2022-02-28,0.2,-9.4,0.0,1015.8,35,18.0
2022-03-01,1.1,-13.3,0.0,1013.4,2,11.4
2022-03-02,1.7,-11.2,0.0,1005.6,24,11.6
2022-03-03,2.5,-9.9,0.0,993.8,51,11.8
2022-03-04,-1.8,-7.5,0.0,993.7,96,23.9
2022-03-05,-0.9,-5.2,0.3,997.2,91,28.0
2022-03-06,-1.0,-9.4,0.0,995.3,86,23.7
2022-03-07,-0.4,-3.2,1.2,990.4,99,16.7
2022-03-08,-2.8,-8.6,2.3,997.8,100,22.6
2022-03-09,-6.5,-14.8,0.0,1007.2,17,17.5
2022-03-10,-5.6,-16.4,0.0,1016.7,3,17.8
2022-03-11,-1.2,-15.6,0.0,1012.3,48,13.0
2022-03-12,-1.4,-10.7,0.9,1004.8,95,16.0
2022-03-13,1.6,-10.6,0.0,1007.6,71,21.3
2022-03-14,2.8,-4.3,0.4,1006.3,65,18.9
2022-03-15,0.3,-8.9,0.0,1014.7,3,14.4
2022-03-16,-1.0,-13.6,0.0,1018.5,10,13.1
2022-03-17,-0.1,-13.6,0.0,1023.0,18,12.9
2022-03-18,2.8,-12.7,0.0,1023.4,0,15.3
2022-03-19,4.8,-9.2,0.0,1022.8,0,14.1
2022-03-20,5.9,-5.7,0.0,1018.4,3,17.1
2022-03-21,6.8,-2.8,0.0,1014.8,5,16.5
2022-03-22,8.7,-5.8,0.0,1013.3,2,15.6
2022-03-23,9.4,-6.1,0.0,1007.6,2,14.2
2022-03-24,10.9,-5.6,0.0,999.1,32,11.1
2022-03-25,7.9,-4.0,0.2,999.2,81,15.4
2022-03-26,5.1,-0.5,3.2,979.6,70,32.7
2022-03-27,-0.9,-6.1,1.4,982.6,88,43.3
2022-03-28,3.0,-8.1,6.6,984.6,86,31.7
2022-03-29,1.0,-5.2,0.5,976.7,87,25.9
2022-03-30,-0.4,-9.4,0.1,987.3,54,18.4
2022-03-31,2.0,-8.9,1.3,991.7,98,12.6
2022-04-01,3.5,-1.8,0.1,993.0,100,20.1
2022-04-02,0.8,-2.0,9.8,984.2,100,27.1
2022-04-03,1.4,-4.8,5.2,977.4,100,26.3
2022-04-04,2.5,-10.1,0.0,985.6,78,16.2
2022-04-05,2.8,-5.2,0.4,982.8,78,26.9
2022-04-06,2.5,-3.3,2.8,980.9,57,25.1
2022-04-07,5.4,-4.0,2.4,985.1,100,22.5
2022-04-08,14.4,3.4,0.5,980.4,100,29.4
2022-04-09,10.8,4.0,4.3,983.5,98,24.6
2022-04-10,8.2,4.4,6.1,988.1,100,18.7
2022-04-11,4.8,2.0,8.3,992.7,100,19.8
2022-04-12,11.8,1.5,4.9,992.5,99,18.3
2022-04-13,7.4,1.3,0.0,997.8,99,25.6
2022-04-14,10.4,-0.1,0.0,1000.7,27,21.1
2022-04-15,9.8,-0.4,2.1,996.9,100,11.4
2022-04-16,4.9,0.7,3.7,996.5,94,35.9
2022-04-17,6.3,-1.2,0.0,1003.1,83,29.1
2022-04-18,10.2,-2.3,0.0,1001.4,53,17.0
2022-04-19,13.7,1.5,0.0,999.8,67,23.0
2022-04-20,14.0,3.5,0.0,998.8,23,28.4
2022-04-21,7.6,3.0,7.3,1000.2,91,29.5
2022-04-22,11.5,1.5,0.0,1002.8,85,10.1
2022-04-23,14.8,3.2,0.6,997.9,97,10.2
2022-04-24,12.9,4.6,3.9,994.3,100,14.2
2022-04-25,16.7,8.4,0.5,991.0,94,21.9
2022-04-26,15.6,7.3,0.1,988.7,92,16.1
2022-04-27,12.1,4.0,0.9,994.9,88,22.9
2022-04-28,7.4,1.5,0.1,1005.2,69,14.2
2022-04-29,9.7,0.3,0.5,1005.4,54,19.2
2022-04-30,7.2,0.2,0.2,1004.8,52,19.1
2022-05-01,12.7,-2.0,0.6,1004.0,48,18.3
2022-05-02,14.4,2.5,0.3,998.6,71,17.1
2022-05-03,17.2,5.8,0.4,989.6,94,29.6
2022-05-04,8.4,1.9,1.5,993.2,29,25.5
2022-05-05,10.1,-0.8,0.0,1005.6,52,18.9
2022-05-06,15.4,4.0,0.1,1008.9,75,18.7
2022-05-07,17.7,5.2,0.0,1006.5,72,24.2
2022-05-08,17.1,8.9,2.0,1000.1,95,29.3
2022-05-09,9.7,4.2,3.9,1001.6,76,29.8
2022-05-10,9.3,2.5,0.1,999.4,71,39.2
2022-05-11,17.0,6.5,0.0,991.7,75,25.1
2022-05-12,21.5,5.3,6.1,984.6,82,31.1
2022-05-13,16.0,8.1,0.8,983.9,39,36.3
2022-05-14,16.2,7.2,0.5,985.6,44,24.9
2022-05-15,15.9,6.4,0.4,985.1,64,18.8
2022-05-16,13.8,7.3,0.4,986.9,61,25.3
2022-05-17,13.2,7.0,8.1,985.8,93,27.6
2022-05-18,14.8,6.4,0.4,993.2,64,25.7
2022-05-19,14.4,6.1,2.9,995.8,78,21.6
2022-05-20,12.1,4.2,0.0,998.5,51,16.7
2022-05-21,15.1,2.1,0.0,992.7,73,15.9
2022-05-22,11.4,3.7,0.0,986.8,21,21.4
2022-05-23,14.1,2.3,0.0,986.9,70,24.1
2022-05-24,8.6,5.6,0.0,989.5,100,24.6
2022-05-25,13.5,2.7,0.2,995.8,91,18.1
2022-05-26,19.5,5.5,6.6,988.5,94,16.9
2022-05-27,15.3,8.8,15.8,980.5,79,25.8
2022-05-28,12.4,4.8,2.9,982.5,61,23.5
2022-05-29,15.3,6.2,1.4,991.9,51,23.0
2022-05-30,19.5,4.9,0.0,1001.1,45,11.2
2022-05-31,18.1,12.9,7.2,1002.2,95,19.5
2022-06-01,22.6,10.2,0.2,1003.3,39,19.6
2022-06-02,24.9,12.6,0.6,1001.2,65,13.0
2022-06-03,19.3,11.6,4.3,998.6,67,27.2
2022-06-04,19.8,9.1,0.0,1001.5,37,16.3
2022-06-05,18.0,10.2,2.5,997.3,58,19.7
2022-06-06,21.2,10.1,0.1,997.6,29,20.2
2022-06-07,20.2,8.8,0.0,998.1,14,15.8
2022-06-08,22.8,8.4,0.0,996.4,9,11.0
2022-06-09,26.6,9.6,0.0,995.3,36,12.6
2022-06-10,26.0,15.9,0.1,995.9,60,18.1
2022-06-11,25.1,12.7,0.0,997.5,63,13.8
2022-06-12,24.4,14.7,0.0,996.6,33,14.8
2022-06-13,23.9,14.1,7.9,993.2,36,18.0
2022-06-14,26.5,13.9,6.4,990.8,80,23.0
2022-06-15,19.4,11.9,0.0,991.8,44,29.8
2022-06-16,21.8,12.6,0.2,994.5,28,19.1
2022-06-17,20.6,10.6,8.8,995.3,73,23.1
2022-06-18,21.1,10.8,0.1,995.7,51,22.4
2022-06-19,24.2,14.1,0.3,990.4,99,34.9
2022-06-20,20.7,13.2,2.0,988.0,77,18.8
2022-06-21,19.6,12.9,1.0,984.9,100,10.7
2022-06-22,21.6,13.6,0.5,984.8,75,22.9
2022-06-23,23.6,11.6,0.0,993.4,4,20.3
2022-06-24,27.0,10.9,0.0,997.8,33,26.3
2022-06-25,28.3,13.9,0.0,1000.5,24,16.7
2022-06-26,30.2,15.4,0.0,1002.9,15,9.9
2022-06-27,32.1,17.8,0.0,1001.7,12,19.1
2022-06-28,25.4,17.4,0.0,1002.5,15,17.2
2022-06-29,23.4,10.6,0.0,1004.1,0,11.4
2022-06-30,25.4,10.7,0.0,1000.1,33,23.4
2022-07-01,21.9,13.9,0.0,1001.1,0,22.0
2022-07-02,25.4,9.4,0.0,1003.3,11,14.8
2022-07-03,29.6,16.5,0.4,998.0,24,15.5
2022-07-04,30.0,15.6,0.0,997.5,29,11.0
2022-07-05,29.8,17.0,0.1,997.2,45,14.9
2022-07-06,29.6,17.1,0.5,996.5,97,18.5
2022-07-07,31.2,20.3,1.9,994.5,69,25.6
2022-07-08,24.2,14.9,0.0,999.7,77,10.9
2022-07-09,25.5,14.2,1.0,997.4,90,13.2
2022-07-10,29.1,16.1,6.2,992.5,78,23.4
2022-07-11,31.0,17.8,0.5,992.3,84,32.6
2022-07-12,25.1,16.8,6.1,992.1,63,26.6
2022-07-13,24.4,12.8,0.2,995.0,24,17.1
2022-07-14,23.8,13.1,6.4,989.5,90,13.6
2022-07-15,23.4,14.1,0.2,989.2,34,23.7
2022-07-16,21.6,11.6,0.1,994.9,29,17.9
2022-07-17,21.5,12.9,1.2,997.3,95,12.4
2022-07-18,20.6,13.4,2.6,996.3,67,22.9
2022-07-19,20.8,11.4,0.5,995.6,31,22.6
2022-07-20,21.0,11.8,10.1,989.9,76,21.6
2022-07-21,21.4,12.8,19.1,988.3,75,27.1
2022-07-22,25.0,15.2,0.5,995.4,21,22.7
2022-07-23,27.5,14.1,0.0,996.9,4,11.2
2022-07-24,28.1,14.7,0.0,993.4,12,11.6
2022-07-25,26.2,16.0,1.4,990.1,26,12.3
2022-07-26,27.9,18.0,0.6,991.6,50,15.0
2022-07-27,30.6,17.9,0.2,993.1,38,19.8
2022-07-28,25.4,18.0,7.7,994.7,68,19.0
2022-07-29,22.8,13.9,0.0,998.9,53,17.6
2022-07-30,23.2,11.4,0.0,1001.0,17,14.8
2022-07-31,23.5,12.0,0.0,1000.6,55,10.4
2022-08-01,25.0,12.4,0.0,1000.1,91,13.1
2022-08-02,25.9,13.2,0.0,998.7,93,14.0
2022-08-03,28.6,14.1,0.0,999.8,79,13.4
2022-08-04,29.4,14.9,0.0,1002.9,84,12.4
2022-08-05,30.2,17.1,0.0,1003.7,55,13.6
2022-08-06,31.1,17.5,0.1,1002.4,9,17.1
2022-08-07,28.5,18.8,2.2,1000.0,64,22.3
2022-08-08,21.4,16.4,4.9,1003.2,86,15.6
2022-08-09,21.9,15.1,24.3,1003.7,84,14.2
2022-08-10,22.8,13.4,0.0,1004.4,74,18.4
2022-08-11,24.1,11.5,0.0,1007.0,1,10.9
2022-08-12,25.6,12.9,0.0,1006.8,39,9.6
2022-08-13,26.6,13.8,0.0,1004.6,92,10.1
2022-08-14,27.5,13.6,0.0,1002.9,50,10.5
2022-08-15,27.7,15.7,0.0,1003.3,51,15.0
2022-08-16,28.8,16.1,0.0,1003.9,36,20.7
2022-08-17,29.1,17.6,0.0,1001.6,45,18.4
2022-08-18,29.0,16.6,0.0,1001.7,1,20.6
2022-08-19,26.3,17.8,0.0,1005.8,90,28.1
2022-08-20,21.1,15.8,0.1,1008.4,65,27.7
2022-08-21,26.2,14.9,0.1,1006.2,99,26.6
2022-08-22,29.2,17.2,0.0,1005.6,99,20.1
2022-08-23,30.8,18.0,0.0,1008.6,99,17.6
2022-08-24,31.0,15.9,0.0,1010.4,38,14.7
2022-08-25,30.9,15.2,0.0,1007.5,8,12.0
2022-08-26,31.6,14.8,0.0,1004.6,13,15.7
2022-08-27,30.8,14.4,0.0,1004.1,64,17.1
2022-08-28,30.5,16.0,0.0,1000.3,92,18.7
2022-08-29,27.1,17.9,1.0,993.8,62,24.2
2022-08-30,28.6,16.5,3.2,990.8,48,21.7
2022-08-31,21.0,13.4,0.9,989.3,57,32.3
2022-09-01,14.8,8.5,0.1,991.5,35,26.1
2022-09-02,12.9,6.8,1.3,996.2,57,30.6
2022-09-03,15.3,5.0,0.0,1004.0,29,19.9
2022-09-04,14.9,4.9,0.0,1003.4,19,19.4
2022-09-05,12.1,4.3,1.5,1001.7,72,20.5
2022-09-06,11.0,5.7,0.6,1000.1,93,23.5
2022-09-07,13.6,6.1,4.5,995.6,89,22.7
2022-09-08,10.7,5.1,1.1,999.1,69,23.0
2022-09-09,12.2,2.8,0.0,1007.6,36,14.9
2022-09-10,15.2,0.9,0.0,1008.6,13,11.1
2022-09-11,15.5,2.0,0.0,1003.2,75,17.6
2022-09-12,14.4,8.2,1.8,999.7,95,23.2
2022-09-13,14.4,6.8,2.0,996.6,93,24.5
2022-09-14,14.8,9.7,3.7,987.2,97,20.4
2022-09-15,14.0,7.9,2.9,983.6,73,15.5
2022-09-16,15.9,7.4,7.1,981.5,86,20.3
2022-09-17,16.0,8.0,0.1,983.1,12,27.9
2022-09-18,16.6,7.2,1.4,984.3,83,19.2
2022-09-19,14.8,9.1,4.5,973.0,99,42.2
2022-09-20,15.1,7.4,0.4,990.4,74,38.1
2022-09-21,14.9,5.0,3.4,997.2,89,13.4
2022-09-22,14.4,7.6,1.0,997.2,77,16.3
2022-09-23,14.2,6.6,0.3,995.3,96,15.2
2022-09-24,9.7,7.8,26.2,982.6,100,18.9
2022-09-25,8.6,6.8,6.6,982.7,100,14.5
2022-09-26,10.4,4.0,1.5,990.4,76,15.2
2022-09-27,11.7,1.5,0.0,993.6,73,14.7
2022-09-28,11.0,7.2,3.5,985.1,100,20.6
2022-09-29,14.0,7.1,0.3,989.7,77,14.6
2022-09-30,16.9,6.8,4.0,996.5,88,17.8
2022-10-01,15.2,10.6,10.6,995.0,100,18.1
2022-10-02,13.1,9.3,2.6,987.1,98,24.7
2022-10-03,15.4,8.6,12.5,978.3,94,35.6
2022-10-04,13.1,8.3,3.5,988.2,75,38.7
2022-10-05,9.3,5.9,1.7,993.7,90,15.7
2022-10-06,11.6,4.8,0.5,998.3,84,16.7
2022-10-07,13.9,7.3,0.1,1001.5,50,29.6
2022-10-08,14.9,6.6,0.0,1004.0,58,23.5
2022-10-09,15.3,8.4,4.7,998.1,96,23.8
2022-10-10,11.4,3.5,1.6,1004.1,29,17.3
2022-10-11,10.9,-0.2,0.0,1003.7,11,11.2
2022-10-12,9.6,-1.1,0.0,1000.0,58,17.1
2022-10-13,9.5,2.8,0.1,1004.3,61,16.8
2022-10-14,8.0,3.0,0.0,1005.8,96,11.5
2022-10-15,10.2,3.9,0.0,1007.0,94,13.9
2022-10-16,11.6,1.4,0.0,1010.9,14,19.7
2022-10-17,8.8,4.6,1.6,1006.2,79,29.1
2022-10-18,12.5,5.5,8.9,996.9,96,26.2
2022-10-19,8.5,5.2,0.1,989.7,93,11.4
2022-10-20,7.3,2.6,0.1,996.7,88,15.0
2022-10-21,5.7,2.4,1.1,1001.5,100,15.7
2022-10-22,6.6,3.5,1.0,1002.2,94,9.7
2022-10-23,7.7,1.7,0.3,995.2,86,15.8
2022-10-24,7.3,-0.8,0.3,993.3,74,23.1
2022-10-25,4.7,-4.1,0.0,1000.9,54,10.5
2022-10-26,4.9,-1.5,0.0,1002.4,84,18.6
2022-10-27,5.6,-1.4,0.0,1002.7,70,10.5
2022-10-28,9.4,-0.6,1.4,1003.0,99,17.3
2022-10-29,10.1,7.7,4.9,992.8,100,20.4
2022-10-30,10.6,0.8,1.8,980.4,72,33.8
2022-10-31,3.7,-0.2,1.9,985.9,92,33.7
2022-11-01,1.9,0.1,0.0,997.0,99,23.5
2022-11-02,1.4,-2.8,0.9,996.5,81,9.5
2022-11-03,0.9,-1.1,0.0,998.4,100,12.0
2022-11-04,-0.2,-2.5,0.0,999.4,99,11.9
2022-11-05,1.3,-2.2,0.0,1006.2,99,11.9
2022-11-06,0.2,-2.0,0.0,1009.1,100,16.4
2022-11-07,2.2,0.2,2.4,1003.6,100,16.4
2022-11-08,5.3,2.2,4.3,997.2,100,18.8
2022-11-09,9.1,5.4,0.2,998.0,99,19.9
2022-11-10,8.5,6.0,0.4,1000.2,97,25.8
2022-11-11,8.6,6.8,1.9,1001.3,100,23.4
2022-11-12,11.6,7.6,1.8,992.5,92,37.1
2022-11-13,9.9,3.9,0.9,994.0,90,40.1
2022-11-14,3.2,-3.2,0.1,1005.2,41,25.7
2022-11-15,-0.5,-4.5,4.1,1000.9,99,15.3
2022-11-16,-0.6,-6.4,0.9,996.2,38,15.5
2022-11-17,-2.5,-5.9,1.5,993.5,97,20.7
2022-11-18,-4.2,-6.6,4.1,991.4,100,22.0
2022-11-19,-3.8,-11.2,0.1,999.2,98,23.3
2022-11-20,-2.5,-5.5,3.1,1001.2,100,20.2
2022-11-21,-4.1,-5.9,0.0,1001.6,100,15.5
2022-11-22,0.6,-5.9,11.9,991.9,100,24.7
2022-11-23,0.6,-3.2,0.2,989.4,100,14.5
2022-11-24,-3.5,-5.8,0.2,999.4,100,12.4
2022-11-25,-5.8,-7.6,0.0,1007.8,100,15.1
2022-11-26,-4.8,-7.2,0.2,1013.1,100,17.4
2022-11-27,-3.1,-7.1,0.2,1015.8,100,18.1
2022-11-28,-4.1,-5.5,0.8,1019.3,100,19.3
2022-11-29,-5.2,-12.8,0.0,1022.7,78,14.1
2022-11-30,-7.6,-13.6,0.0,1023.4,9,14.2
2022-12-01,-7.4,-13.4,0.0,1024.0,82,11.2
2022-12-02,-6.8,-11.1,0.0,1023.9,93,15.2
2022-12-03,-6.6,-10.7,0.0,1026.5,100,17.8
2022-12-04,-7.1,-10.8,0.0,1028.6,74,15.5
2022-12-05,-9.6,-12.6,0.0,1023.3,85,14.8
2022-12-06,-7.5,-11.9,0.0,1013.2,94,19.7
2022-12-07,-7.9,-10.4,0.0,1008.0,19,22.7
2022-12-08,-4.9,-9.9,1.9,1002.2,98,26.3
2022-12-09,-3.7,-8.1,0.5,1000.9,98,14.6
2022-12-10,-1.0,-6.2,11.3,994.8,100,15.5
2022-12-11,1.0,-2.0,9.6,991.2,100,23.8
2022-12-12,3.1,1.1,16.3,985.0,100,28.5
2022-12-13,1.3,-2.2,5.9,988.7,100,20.6
2022-12-14,-1.8,-7.9,8.7,988.2,88,21.7
2022-12-15,-5.7,-7.5,2.3,1000.5,97,26.2
2022-12-16,-2.4,-11.4,1.5,1000.1,97,25.9
2022-12-17,-4.6,-11.0,4.9,1002.9,100,22.1
2022-12-18,-4.7,-9.5,15.6,997.2,100,34.2
2022-12-19,-2.0,-11.0,0.5,1007.7,100,26.0
2022-12-20,-4.0,-14.8,0.0,1003.7,64,26.3
2022-12-21,-1.3,-15.4,1.5,997.7,94,24.1
2022-12-22,1.3,-0.6,5.6,989.6,100,26.6
2022-12-23,1.4,0.3,1.4,988.2,100,24.7
2022-12-24,1.2,-0.4,3.8,988.9,99,21.9
2022-12-25,-0.6,-9.1,0.0,1002.9,97,16.3
2022-12-26,-5.3,-8.9,0.0,1010.5,100,13.9
2022-12-27,-1.5,-8.1,4.0,1001.1,100,22.3
2022-12-28,-1.3,-2.5,3.7,992.0,99,19.4
2022-12-29,-1.4,-4.3,1.1,997.0,98,22.2
2022-12-30,0.9,-3.3,3.0,994.3,100,16.2
2022-12-31,1.4,-1.6,7.7,995.3,98,21.3
2023-01-01,5.9,-0.4,5.2,988.1,100,25.4
2023-01-02,4.9,-5.4,4.1,993.2,64,26.3
2023-01-03,3.1,-5.7,8.3,989.5,97,27.3
2023-01-04,0.4,-4.9,1.7,990.9,100,32.5
2023-01-05,-2.7,-14.9,1.3,988.4,99,22.7
2023-01-06,-16.5,-26.1,0.0,998.6,61,19.1
2023-01-07,-24.4,-27.5,0.0,1009.2,21,15.0
2023-01-08,-16.4,-24.5,0.0,1012.6,95,14.9
2023-01-09,-18.5,-23.6,0.0,1016.0,84,25.2
2023-01-10,-12.3,-20.9,0.7,1018.6,100,31.7
2023-01-11,-9.1,-14.8,1.2,1016.4,100,29.6
2023-01-12,-7.8,-9.9,0.0,1009.1,81,25.2
2023-01-13,-4.4,-8.1,0.0,1005.0,100,25.0
2023-01-14,-2.2,-4.2,3.2,1004.5,100,22.8
2023-01-15,-2.5,-4.2,0.5,1003.5,100,26.1
2023-01-16,-3.3,-5.3,0.4,997.9,100,29.1
2023-01-17,0.9,-3.3,3.3,996.3,100,31.7
2023-01-18,1.1,-0.9,1.4,996.6,100,33.7
2023-01-19,2.1,0.7,7.3,996.9,100,37.6
2023-01-20,2.8,1.3,2.2,1000.5,100,26.7
2023-01-21,0.9,-6.4,0.0,1011.7,100,19.5
2023-01-22,-3.2,-8.4,0.0,1017.0,91,14.8
2023-01-23,-3.3,-6.7,0.0,1021.8,95,11.9
2023-01-24,-1.6,-6.3,0.0,1017.7,100,16.9
2023-01-25,-2.0,-9.1,0.1,1010.7,83,20.3
2023-01-26,-2.0,-3.3,0.0,1002.9,100,21.1
2023-01-27,-2.5,-3.6,0.9,1001.4,100,19.5
2023-01-28,-1.8,-4.4,0.2,1004.7,100,12.6
2023-01-29,-2.0,-4.9,0.1,996.2,99,15.7
2023-01-30,-1.5,-4.4,1.7,983.5,100,29.9
2023-01-31,-0.5,-2.3,0.8,980.6,100,28.2
2023-02-01,-0.2,-2.4,0.6,986.4,99,21.9
2023-02-02,-1.4,-4.0,0.1,988.8,93,22.8
2023-02-03,0.1,-2.5,1.9,990.3,100,20.5
2023-02-04,-0.4,-3.5,0.3,996.7,99,11.4
2023-02-05,-2.0,-5.9,1.9,1006.8,94,15.9
2023-02-06,-4.2,-7.9,0.0,1012.1,97,15.7
2023-02-07,-6.3,-14.5,0.0,1019.4,55,12.1
2023-02-08,-3.7,-14.3,0.1,1020.8,78,18.1
2023-02-09,-1.1,-3.6,0.3,1014.8,100,16.6
2023-02-10,-1.6,-5.1,0.2,1002.1,88,32.4
2023-02-11,-1.7,-6.3,3.9,993.2,79,34.9
2023-02-12,-1.1,-9.9,2.7,993.7,79,39.6
2023-02-13,0.3,-11.9,3.1,994.0,96,22.9
2023-02-14,0.6,-1.7,1.2,990.8,92,31.7
2023-02-15,-2.5,-4.9,0.0,1003.6,90,31.8
2023-02-16,-4.3,-8.3,0.0,1006.7,95,14.8
2023-02-17,-5.9,-11.8,0.0,1005.0,72,15.0
2023-02-18,-5.8,-12.0,0.1,991.8,95,34.9
2023-02-19,-6.8,-8.2,4.0,979.9,100,28.7
2023-02-20,-6.7,-11.6,1.0,978.4,100,14.2
2023-02-21,-12.0,-15.6,0.0,977.2,73,18.8
2023-02-22,-13.2,-17.9,0.0,990.0,37,25.0
2023-02-23,-8.8,-16.0,0.0,998.4,75,24.2
2023-02-24,-4.1,-12.0,2.2,988.4,100,25.0
2023-02-25,1.2,-3.8,1.0,978.7,100,28.2
2023-02-26,1.2,-3.5,3.3,976.9,99,37.3
2023-02-27,-3.6,-8.7,0.3,996.1,83,33.6
2023-02-28,-1.8,-10.2,0.7,995.2,69,36.2
2023-03-01,-3.5,-8.2,0.0,990.7,61,29.1
2023-03-02,-2.5,-8.0,0.3,989.8,83,27.6
2023-03-03,1.1,-4.7,1.3,982.7,68,27.7
2023-03-04,-0.6,-7.2,2.6,975.5,63,25.6
2023-03-05,-0.9,-6.8,2.8,972.1,89,27.0
2023-03-06,-2.5,-7.6,0.7,980.6,95,21.3
2023-03-07,-1.4,-8.1,0.5,984.7,60,22.3
2023-03-08,0.6,-10.8,2.2,983.2,96,35.9
2023-03-09,-1.0,-7.9,0.6,979.0,63,30.4
2023-03-10,-4.2,-8.9,0.0,986.3,89,21.8
2023-03-11,-0.4,-9.8,2.5,989.2,100,33.5
2023-03-12,5.6,-3.5,16.7,971.6,100,35.4
2023-03-13,-1.5,-7.9,0.0,990.1,44,29.7
2023-03-14,3.3,-8.0,2.3,991.7,95,42.7
2023-03-15,4.8,1.0,1.0,993.1,71,35.7
2023-03-16,2.3,0.4,2.0,994.9,100,18.8
2023-03-17,2.7,-6.6,0.0,1005.7,44,22.7
2023-03-18,1.8,-10.1,0.0,1015.3,1,16.6
2023-03-19,0.6,-10.8,0.0,1008.6,2,13.2
2023-03-20,3.1,-9.1,0.0,1000.5,79,13.8
2023-03-21,5.2,-3.5,0.5,992.1,82,21.4
2023-03-22,4.0,-0.5,0.0,995.3,87,16.6
2023-03-23,7.6,0.2,0.0,993.0,72,22.1
2023-03-24,7.3,-0.2,5.1,985.2,86,22.3
2023-03-25,9.5,-2.4,2.1,983.4,95,20.7
2023-03-26,7.8,1.0,8.5,981.2,100,20.9
2023-03-27,9.1,0.3,0.4,981.4,99,18.5
2023-03-28,9.8,-2.3,0.0,990.2,74,19.9
2023-03-29,7.8,2.8,4.0,988.2,100,30.4
2023-03-30,6.2,-0.4,0.2,991.7,100,16.8
2023-03-31,5.4,-3.8,1.3,988.7,87,16.8
2023-04-01,9.1,-0.2,2.6,986.6,95,21.0
2023-04-02,9.9,3.3,0.3,993.1,100,26.2
2023-04-03,13.4,3.5,0.6,996.2,100,11.2
2023-04-04,13.6,4.4,0.5,997.1,60,9.3
2023-04-05,14.1,1.5,0.0,1001.6,85,17.2
2023-04-06,13.9,1.6,0.0,1005.5,15,20.6
2023-04-07,10.6,-0.6,0.0,1007.9,33,19.3
2023-04-08,12.1,-1.8,0.0,1009.1,58,13.4
2023-04-09,13.9,0.1,0.0,1008.1,58,11.9
2023-04-10,12.7,0.8,0.2,1007.2,63,11.6
2023-04-11,15.2,2.6,2.6,1002.8,42,13.8
2023-04-12,17.0,2.2,0.0,998.6,53,13.3
2023-04-13,16.6,3.8,0.0,997.0,100,27.6
2023-04-14,7.6,0.6,0.0,1003.7,79,28.0
2023-04-15,8.1,-1.9,0.0,1011.8,100,20.1
2023-04-16,12.3,-1.0,0.0,1012.3,98,15.3
2023-04-17,13.9,0.2,0.3,1009.5,96,13.0
2023-04-18,14.9,4.7,0.1,1007.3,62,12.2
2023-04-19,16.1,4.3,0.0,1007.5,71,19.7
2023-04-20,16.4,1.9,0.0,1003.3,26,18.1
2023-04-21,15.6,2.0,0.0,997.4,24,18.9
2023-04-22,15.1,3.1,0.0,993.9,30,14.5
2023-04-23,18.4,2.3,0.0,997.0,18,12.6
2023-04-24,20.7,3.4,0.0,997.6,17,22.6
2023-04-25,18.1,5.5,0.5,994.0,60,15.1
2023-04-26,15.8,7.8,7.0,985.6,79,24.3
2023-04-27,20.1,4.0,0.7,991.9,28,18.0
2023-04-28,15.4,7.1,3.6,993.9,96,20.0
2023-04-29,12.9,2.7,13.9,998.2,68,21.6
2023-04-30,12.2,0.3,3.3,998.4,86,18.7
2023-05-01,10.9,3.1,2.3,992.8,84,24.4
2023-05-02,14.2,-0.6,0.0,1004.1,33,11.6
2023-05-03,14.4,5.7,1.4,1001.0,86,23.1
2023-05-04,13.9,0.9,0.0,1004.6,44,19.4
2023-05-05,8.0,1.6,0.5,1002.9,47,23.4
2023-05-06,7.0,-1.5,0.3,1005.7,33,24.3
2023-05-07,8.3,-2.7,0.1,1010.1,33,15.1
2023-05-08,10.7,-2.5,0.3,1013.1,32,10.6
2023-05-09,13.1,-0.6,0.0,1012.3,38,8.9
2023-05-10,15.9,2.5,0.0,1006.6,78,10.1
2023-05-11,17.6,6.3,1.2,1004.6,48,20.3
2023-05-12,21.0,6.1,0.0,1003.4,66,14.5
2023-05-13,22.4,8.1,0.0,1002.9,30,20.0
2023-05-14,17.2,8.2,0.0,1005.3,33,16.3
2023-05-15,18.8,3.9,0.0,1005.4,9,10.2
2023-05-16,20.0,7.8,0.0,1004.2,20,20.2
2023-05-17,23.2,8.1,0.0,1004.2,39,15.5
2023-05-18,25.4,9.0,0.0,1003.3,32,20.0
2023-05-19,17.1,11.2,3.7,1006.1,85,18.6
2023-05-20,14.5,8.4,4.9,1008.3,83,21.3
2023-05-21,17.0,7.6,2.6,1005.2,65,16.1
2023-05-22,21.2,6.8,3.1,1004.4,91,13.8
2023-05-23,19.4,9.4,1.2,1000.9,94,18.8
2023-05-24,21.5,13.1,1.7,997.8,80,11.5
2023-05-25,20.8,13.0,5.2,997.2,98,10.0
2023-05-26,24.9,10.1,0.0,995.8,22,11.4
2023-05-27,21.4,12.5,0.0,996.6,28,22.6
2023-05-28,17.1,8.3,5.7,998.7,43,21.5
2023-05-29,20.6,6.8,0.0,1001.2,1,13.8
2023-05-30,21.5,7.3,0.0,998.6,45,12.9
2023-05-31,14.3,8.4,9.1,994.4,67,24.2
2023-06-01,20.9,5.6,0.0,992.6,45,25.1
2023-06-02,24.0,7.4,0.3,991.1,37,21.7
2023-06-03,12.4,7.1,5.9,993.4,94,25.4
2023-06-04,14.5,3.4,0.2,1001.7,40,20.2
2023-06-05,18.0,6.8,1.2,1001.3,68,21.3
2023-06-06,19.8,6.4,0.0,1001.8,43,18.0
2023-06-07,22.4,8.6,0.0,1000.5,29,26.5
2023-06-08,22.9,10.6,0.0,1000.1,12,12.4
2023-06-09,24.1,12.4,0.2,998.2,41,31.8
2023-06-10,16.8,8.4,0.0,1005.1,62,21.1
2023-06-11,17.0,5.6,0.0,1010.0,90,20.9
2023-06-12,19.1,6.7,0.0,1008.8,20,24.3
2023-06-13,21.4,7.9,0.0,1005.4,10,21.3
2023-06-14,23.9,7.6,0.0,1001.5,0,15.3
2023-06-15,25.9,10.1,0.0,999.7,7,17.2
2023-06-16,27.5,11.9,0.0,996.1,27,15.7
2023-06-17,27.1,12.7,0.0,996.0,43,20.9
2023-06-18,24.5,12.5,0.0,999.1,52,19.0
2023-06-19,22.2,10.1,0.0,999.4,16,13.4
2023-06-20,24.5,10.4,0.1,995.8,31,26.1
2023-06-21,21.7,9.5,0.0,999.4,31,15.9
2023-06-22,25.6,8.1,0.0,998.3,68,19.9
2023-06-23,20.7,13.2,2.5,992.4,87,17.1
2023-06-24,19.6,13.4,0.7,993.3,74,23.5
2023-06-25,23.0,10.8,0.0,997.4,73,9.0
2023-06-26,24.1,12.5,0.0,996.1,88,14.4
2023-06-27,24.0,13.4,0.1,992.9,100,18.8
2023-06-28,22.0,13.5,2.1,990.6,100,24.5
2023-06-29,21.1,13.9,12.9,984.9,58,25.4
2023-06-30,18.5,12.4,5.0,981.1,84,15.5
2023-07-01,24.6,13.5,1.4,979.5,49,22.9
2023-07-02,23.2,15.2,0.1,982.7,60,21.3
2023-07-03,23.4,14.6,3.0,987.4,35,25.1
2023-07-04,25.2,11.6,0.0,996.7,27,17.1
2023-07-05,25.6,13.7,0.5,999.5,60,19.8
2023-07-06,28.2,14.1,0.0,1001.3,42,11.2
2023-07-07,27.2,18.8,12.6,997.8,88,18.0
2023-07-08,22.7,16.8,2.6,996.6,77,13.9
2023-07-09,24.0,13.1,0.0,993.5,90,16.9
2023-07-10,20.4,14.3,0.5,991.8,70,26.8
2023-07-11,17.8,12.1,1.3,992.0,97,23.4
2023-07-12,16.5,10.4,0.2,990.3,89,21.7
2023-07-13,16.6,12.1,16.2,988.4,100,23.5
2023-07-14,18.2,12.6,1.7,990.2,100,13.2
2023-07-15,19.2,13.6,4.8,992.9,82,20.0
2023-07-16,22.3,12.6,0.6,996.4,41,18.5
2023-07-17,26.4,12.7,0.0,996.7,17,12.4
2023-07-18,26.4,16.6,8.6,987.9,90,18.4
2023-07-19,19.2,14.1,7.4,980.7,75,40.5
2023-07-20,20.5,12.6,0.6,985.3,30,27.1
2023-07-21,20.9,11.6,0.2,988.2,53,18.9
2023-07-22,22.8,12.2,0.0,992.1,30,21.6
2023-07-23,22.0,12.5,8.4,991.4,68,22.0
2023-07-24,19.2,12.1,2.4,989.9,85,27.3
2023-07-25,23.5,11.8,4.7,986.7,68,14.7
2023-07-26,24.2,16.5,4.5,982.7,67,26.0
2023-07-27,24.5,14.9,23.3,986.9,93,17.0
2023-07-28,24.4,16.8,6.6,984.5,99,22.1
2023-07-29,17.5,13.6,10.7,987.8,100,18.7
2023-07-30,22.7,11.7,0.4,989.0,68,19.4
2023-07-31,24.5,12.4,0.0,990.8,34,12.8
2023-08-01,26.0,13.4,0.0,992.7,31,10.6
2023-08-02,25.6,14.9,0.5,992.3,51,13.9
2023-08-03,28.5,17.0,0.0,991.3,16,15.4
2023-08-04,27.8,18.7,0.4,993.3,25,21.3
2023-08-05,30.5,16.0,0.0,999.7,21,17.2
2023-08-06,30.7,17.8,0.0,1000.3,1,15.9
2023-08-07,29.3,19.6,0.0,995.6,0,28.0
2023-08-08,26.0,19.8,1.1,991.6,42,24.1
2023-08-09,24.6,16.6,0.2,995.3,52,18.7
2023-08-10,24.6,14.4,0.0,1003.8,17,12.1
2023-08-11,26.0,14.8,1.4,1003.8,87,20.1
2023-08-12,24.1,19.5,3.0,999.0,88,30.6
2023-08-13,20.3,16.6,1.5,996.1,72,26.3
2023-08-14,23.5,15.5,3.7,998.5,68,23.9
2023-08-15,25.0,15.0,0.1,1002.7,36,17.9
2023-08-16,25.6,14.4,0.0,1005.6,5,14.8
2023-08-17,26.6,14.5,0.0,1005.5,0,7.9
2023-08-18,27.7,15.0,0.7,1006.2,42,14.5
2023-08-19,27.2,16.6,0.0,1006.5,39,9.1
2023-08-20,25.2,16.8,6.3,1000.6,86,16.3
2023-08-21,20.9,12.6,0.0,998.6,22,14.5
2023-08-22,19.4,12.3,0.5,993.6,55,10.3
2023-08-23,19.9,11.8,1.8,991.7,54,20.8
2023-08-24,17.1,11.9,0.6,994.4,78,12.7
2023-08-25,18.5,8.4,0.0,997.5,40,7.9
2023-08-26,19.2,8.4,0.0,997.2,80,16.0
2023-08-27,21.0,10.4,0.2,993.2,71,11.2
2023-08-28,20.3,9.9,0.0,993.7,74,12.3
2023-08-29,17.4,9.9,0.4,995.8,91,11.7
2023-08-30,20.2,11.3,0.0,997.3,54,9.2
2023-08-31,24.7,11.6,0.0,997.5,10,16.2
2023-09-01,26.6,14.3,0.0,997.3,35,14.8
2023-09-02,20.8,14.3,6.1,998.1,95,13.5
2023-09-03,22.0,12.6,0.0,1001.7,36,9.2
2023-09-04,21.7,10.5,0.3,1003.6,30,12.5
2023-09-05,21.5,9.9,0.0,1004.8,29,13.5
2023-09-06,21.2,12.0,0.5,998.4,41,31.1
2023-09-07,16.4,8.1,0.0,1004.0,42,27.1
2023-09-08,14.8,8.4,0.3,999.8,77,28.8
2023-09-09,16.2,6.3,0.0,1003.6,60,24.5
2023-09-10,18.0,8.2,0.0,1004.0,42,12.3
2023-09-11,19.2,7.2,0.0,1000.8,43,9.4
2023-09-12,19.0,6.5,0.0,1002.8,35,10.0
2023-09-13,19.8,6.7,0.0,1004.0,4,10.0
2023-09-14,19.9,6.7,0.0,1002.2,9,14.0
2023-09-15,20.5,8.0,0.3,1002.7,90,12.8
2023-09-16,16.2,7.2,0.1,1008.5,45,18.2
2023-09-17,17.5,4.1,0.0,1009.0,47,15.4
2023-09-18,17.0,8.4,0.0,1003.1,65,18.3
2023-09-19,20.4,7.3,0.5,1001.3,74,17.8
2023-09-20,23.7,12.3,0.0,998.1,34,24.6
2023-09-21,20.1,13.6,0.0,1001.0,93,20.7
2023-09-22,24.4,11.4,0.0,1005.7,22,17.0
2023-09-23,23.9,12.6,0.0,1006.6,14,25.3
2023-09-24,24.4,13.1,0.0,1005.1,35,23.2
2023-09-25,19.0,9.8,2.2,1009.8,63,17.2
2023-09-26,17.0,5.9,0.0,1014.4,84,9.0
2023-09-27,18.9,5.9,0.0,1012.2,13,12.1
2023-09-28,21.2,6.9,0.0,1008.5,17,19.1
2023-09-29,22.6,10.4,0.0,1004.9,49,12.3
2023-09-30,22.0,10.8,0.0,999.6,60,25.3
2023-10-01,17.2,10.2,2.6,994.0,77,20.3
2023-10-02,13.8,7.2,0.2,996.8,44,15.0
2023-10-03,15.8,6.0,0.0,999.3,52,22.2
2023-10-04,17.2,11.1,1.3,990.7,75,35.5
2023-10-05,14.1,8.1,0.2,993.6,47,25.9
2023-10-06,12.9,4.7,3.5,986.0,93,37.8
2023-10-07,9.4,0.2,13.1,977.6,78,31.4
2023-10-08,6.5,1.9,6.2,965.9,94,39.6
2023-10-09,4.8,1.8,2.7,979.7,100,30.0
2023-10-10,3.7,0.6,1.1,992.7,96,22.5
2023-10-11,7.1,-1.5,0.0,1000.4,84,31.7
2023-10-12,12.2,5.2,3.5,984.1,90,36.7
2023-10-13,12.1,5.4,0.0,989.9,20,32.0
2023-10-14,13.8,5.2,4.9,990.4,89,31.4
2023-10-15,13.5,7.8,6.4,984.2,100,29.7
2023-10-16,7.8,5.3,5.0,984.4,100,15.5
2023-10-17,5.4,1.4,2.1,984.6,91,32.4
2023-10-18,5.7,1.4,2.7,988.5,83,24.9
2023-10-19,5.9,3.8,2.4,989.1,100,13.6
2023-10-20,5.9,2.9,1.0,992.8,100,18.6
2023-10-21,4.9,-3.0,0.3,1000.3,75,20.7
2023-10-22,3.5,-3.2,0.6,1001.8,100,17.7
2023-10-23,6.0,1.6,10.7,986.1,100,17.1
2023-10-24,2.3,-1.0,2.2,992.2,100,18.4
2023-10-25,0.8,-3.8,0.0,1000.0,72,10.9
2023-10-26,0.8,-4.2,0.6,997.9,88,26.9
2023-10-27,-0.3,-2.8,9.5,987.3,100,24.3
2023-10-28,0.2,-1.6,7.4,978.4,100,19.0
2023-10-29,0.6,-0.9,1.9,986.6,100,18.2
2023-10-30,5.4,-5.2,9.9,992.6,96,22.4
2023-10-31,10.2,4.6,0.0,993.7,91,19.7
2023-11-01,14.6,8.1,0.0,987.8,88,25.8
2023-11-02,11.3,1.2,9.3,985.7,90,23.3
2023-11-03,5.5,-1.3,0.0,997.1,14,13.3
2023-11-04,6.6,-1.8,2.1,996.4,67,25.2
2023-11-05,11.7,6.8,9.7,984.9,100,34.8
2023-11-06,10.4,7.2,6.5,978.6,88,24.5
2023-11-07,9.2,5.7,0.6,984.4,76,21.7
2023-11-08,7.8,2.8,0.8,991.6,75,19.8
2023-11-09,7.2,0.3,0.1,991.0,88,13.6
2023-11-10,6.3,3.0,0.0,998.0,94,15.8
2023-11-11,6.4,2.2,0.0,997.9,99,17.9
2023-11-12,7.4,1.4,7.4,983.9,100,29.5
2023-11-13,7.2,1.9,6.3,975.6,97,31.6
2023-11-14,4.0,2.3,5.3,982.1,100,26.8
2023-11-15,3.2,-0.2,0.0,984.9,99,13.7
2023-11-16,1.1,-1.4,0.2,991.3,98,14.0
2023-11-17,-1.7,-7.2,0.0,1001.2,57,14.2
2023-11-18,-4.2,-8.5,0.0,1007.2,0,7.0
2023-11-19,-5.2,-8.9,0.0,1004.8,83,6.6
2023-11-20,-5.0,-8.8,0.0,998.4,95,17.1
2023-11-21,-6.4,-9.4,0.5,994.7,96,19.3
2023-11-22,-6.7,-8.8,0.4,998.1,100,22.3
2023-11-23,-6.6,-7.9,2.3,985.3,100,25.5
2023-11-24,-5.6,-7.6,2.9,960.3,100,18.8
2023-11-25,-5.6,-7.4,1.1,973.6,96,12.4
2023-11-26,-4.8,-7.7,0.9,984.3,100,22.6
2023-11-27,2.2,-5.3,17.1,969.2,100,30.5
2023-11-28,-2.3,-7.6,0.9,981.0,93,27.8
2023-11-29,-1.8,-17.5,1.0,993.5,72,32.7
2023-11-30,0.2,-5.6,3.4,985.5,100,35.8
2023-12-01,-3.7,-7.2,1.6,987.8,100,25.3
2023-12-02,-4.8,-8.3,0.3,988.9,97,13.1
2023-12-03,-5.2,-6.6,8.9,990.5,100,22.5
2023-12-04,-6.3,-9.1,0.8,991.6,99,24.3
2023-12-05,-10.4,-16.2,0.4,1001.7,88,15.0
2023-12-06,-11.5,-17.4,0.0,1011.4,97,8.0
2023-12-07,-11.0,-15.1,0.0,1018.7,100,14.4
2023-12-08,-13.3,-15.4,0.0,1019.3,100,22.5
2023-12-09,-13.3,-15.7,1.7,1014.8,100,23.2
2023-12-10,-9.9,-14.3,2.5,1009.5,100,24.7
2023-12-11,-6.7,-9.7,2.9,1005.2,100,27.7
2023-12-12,-5.1,-7.9,3.8,1000.3,100,29.2
2023-12-13,-7.8,-12.4,2.9,1002.4,100,29.9
2023-12-14,-9.5,-11.8,5.8,1003.6,100,25.1
2023-12-15,-6.7,-12.1,10.2,993.5,97,26.6
2023-12-16,-3.8,-11.9,0.4,1000.4,99,22.9
2023-12-17,2.5,-7.6,2.6,991.9,84,33.5
2023-12-18,1.7,-5.8,0.0,990.2,72,23.0
2023-12-19,3.1,1.1,2.0,986.3,100,35.3
2023-12-20,3.2,-0.6,1.1,980.5,100,29.5
2023-12-21,0.9,-0.3,6.3,977.2,96,22.3
2023-12-22,1.0,-2.5,0.0,972.8,98,28.1
2023-12-23,1.4,-0.9,1.4,966.8,100,26.2
2023-12-24,-1.4,-8.6,2.2,968.8,100,19.7
2023-12-25,-2.9,-9.4,1.0,973.4,99,18.7
2023-12-26,0.6,-3.5,1.4,971.1,99,26.8
2023-12-27,-2.2,-8.0,0.1,980.3,100,15.3
2023-12-28,-2.9,-6.7,0.0,992.0,97,19.8
2023-12-29,1.6,-7.0,2.7,985.5,100,21.9
2023-12-30,1.9,0.2,8.9,980.8,98,24.8
2023-12-31,1.1,-12.8,1.1,980.8,100,25.7
