time,temperature_2m_max,temperature_2m_min,precipitation_sum,surface_pressure_mean,cloud_cover_mean,wind_speed_10m_max
2020-01-01,-4.2,-7.3,0.1,970.7,78,20.4
2020-01-02,-3.5,-9.4,2.0,977.8,95,17.8
2020-01-03,-8.6,-16.4,0.0,988.5,43,17.9
2020-01-04,-2.0,-11.1,2.4,982.1,96,20.5
2020-01-05,-3.0,-4.9,0.0,985.7,94,14.6
2020-01-06,-1.5,-3.7,0.2,991.9,98,13.3
2020-01-07,-4.2,-7.2,0.0,999.9,97,8.9
2020-01-08,-5.6,-8.6,0.6,1000.0,97,10.7
2020-01-09,-8.4,-11.4,0.0,997.5,73,15.4
2020-01-10,-6.9,-12.4,0.0,991.6,32,16.4
2020-01-11,-8.1,-15.4,0.0,986.6,67,11.6
2020-01-12,-5.8,-9.6,0.1,985.6,68,14.8
2020-01-13,-4.1,-7.7,1.5,978.2,98,24.2
2020-01-14,-3.8,-7.1,0.4,976.4,59,21.3
2020-01-15,-4.4,-10.2,0.0,990.4,52,21.3
2020-01-16,-1.2,-6.2,0.2,985.9,94,28.1
2020-01-17,1.1,-0.9,1.4,982.5,92,25.7
2020-01-18,-0.9,-3.7,0.7,991.7,87,19.9
2020-01-19,-1.9,-4.5,0.9,994.1,90,15.2
2020-01-20,-1.5,-5.3,2.1,986.9,98,13.9
2020-01-21,-5.9,-9.2,0.3,983.4,99,11.9
2020-01-22,-2.9,-8.3,2.4,966.6,95,31.3
2020-01-23,-3.2,-7.7,0.0,961.6,63,23.7
2020-01-24,-5.8,-9.6,0.0,970.3,84,20.6
2020-01-25,-9.3,-14.2,0.4,971.6,62,17.1
2020-01-26,-6.8,-12.4,2.3,964.5,79,16.0
2020-01-27,-7.9,-14.8,0.1,969.9,91,19.5
2020-01-28,-15.0,-18.0,0.0,985.5,42,20.5
2020-01-29,-17.4,-24.4,0.0,1001.4,44,15.2
2020-01-30,-11.4,-19.4,0.0,999.4,82,17.8
2020-01-31,-6.0,-10.9,1.0,993.9,92,19.1
2020-02-01,-8.1,-10.9,0.8,987.8,100,19.7
2020-02-02,-5.3,-12.4,3.1,983.6,56,13.6
2020-02-03,-7.8,-12.6,0.1,980.3,87,29.2
2020-02-04,1.8,-7.4,1.7,969.3,99,33.9
2020-02-05,1.6,-5.9,1.3,969.1,59,31.1
2020-02-06,-5.8,-11.4,0.0,976.1,57,22.2
2020-02-07,-10.4,-16.1,1.1,979.0,78,13.0
2020-02-08,-8.8,-11.2,2.6,974.1,99,14.9
2020-02-09,-11.9,-17.5,0.0,984.4,52,17.7
2020-02-10,-9.6,-19.5,1.0,987.0,72,18.3
2020-02-11,-7.6,-13.6,0.0,987.0,41,14.0
2020-02-12,-4.6,-14.1,0.1,989.3,61,12.0
2020-02-13,-5.1,-12.7,0.4,987.0,56,13.0
2020-02-14,-8.6,-13.7,0.0,989.9,61,13.5
2020-02-15,-4.2,-13.9,0.0,995.3,75,13.6
2020-02-16,-3.5,-7.7,2.9,1001.4,98,13.2
2020-02-17,-6.1,-11.2,0.1,1003.6,31,18.5
2020-02-18,0.5,-10.4,1.0,989.0,98,27.2
2020-02-19,1.5,-1.0,0.0,987.2,99,21.2
2020-02-20,1.5,-2.3,1.3,988.2,82,22.2
2020-02-21,1.1,-2.5,0.0,992.8,76,14.5
2020-02-22,0.5,-3.9,0.2,998.4,80,9.8
2020-02-23,-0.2,-7.3,0.0,999.3,47,16.2
2020-02-24,-5.2,-9.4,1.2,989.0,82,29.2
2020-02-25,-2.3,-7.4,0.0,984.7,80,20.9
2020-02-26,-2.8,-5.3,9.3,968.9,100,30.3
2020-02-27,0.2,-4.2,3.0,978.1,84,34.6
2020-02-28,3.6,-0.6,1.7,988.0,92,22.2
2020-02-29,0.7,-2.2,0.0,986.7,76,29.2
2020-03-01,2.2,-2.7,0.1,986.8,98,16.5
2020-03-02,-0.6,-7.0,0.0,994.7,10,17.1
2020-03-03,2.8,-3.5,0.0,995.5,85,23.9
2020-03-04,1.6,-3.1,0.0,993.9,81,17.7
2020-03-05,-1.5,-9.2,0.8,998.3,67,18.5
2020-03-06,-4.6,-15.7,0.0,1010.1,5,16.7
2020-03-07,0.6,-9.4,0.0,1005.4,76,26.4
2020-03-08,0.9,-3.8,0.0,1002.1,97,24.5
2020-03-09,3.3,-3.3,3.5,995.9,89,19.8
2020-03-10,2.1,-0.6,2.2,995.7,98,9.8
2020-03-11,5.3,-2.0,0.0,993.2,67,17.4
2020-03-12,5.0,0.8,0.0,988.0,33,28.2
2020-03-13,5.1,0.2,0.0,978.7,39,25.7
2020-03-14,4.3,0.2,0.4,973.8,55,28.6
2020-03-15,4.3,-2.0,8.7,974.7,68,34.2
2020-03-16,2.1,-7.5,4.3,987.9,63,21.6
2020-03-17,1.4,-7.2,0.1,986.9,66,28.5
2020-03-18,2.0,-3.8,0.0,995.1,61,21.5
2020-03-19,5.3,-1.6,0.0,986.6,86,21.1
2020-03-20,3.8,-0.5,2.1,975.6,97,23.2
2020-03-21,0.9,-2.5,5.3,973.1,94,22.9
2020-03-22,0.1,-6.2,2.1,990.8,61,15.3
2020-03-23,-2.9,-10.5,0.0,1007.3,54,15.5
2020-03-24,1.2,-10.9,0.0,1011.8,55,15.7
2020-03-25,3.3,-5.2,0.0,1008.6,69,22.2
2020-03-26,6.3,-3.5,0.0,997.2,63,19.5
2020-03-27,6.3,-0.6,0.0,994.9,37,24.9
2020-03-28,8.4,-2.7,0.0,998.6,17,17.6
2020-03-29,10.8,0.9,0.0,995.2,51,17.4
2020-03-30,13.9,1.1,0.0,990.8,68,18.7
2020-03-31,11.4,-0.3,0.0,987.5,64,18.4
2020-04-01,10.8,-0.3,0.0,976.7,98,13.7
2020-04-02,5.4,-1.9,0.1,977.0,65,31.5
2020-04-03,7.9,-2.8,0.0,992.3,54,22.4
2020-04-04,9.5,-1.0,0.6,991.0,95,18.9
2020-04-05,12.4,3.0,1.2,983.3,71,22.1
2020-04-06,4.7,-0.2,3.6,979.7,90,29.7
2020-04-07,0.9,-3.7,0.9,978.6,95,43.9
2020-04-08,0.5,-6.6,0.0,983.1,43,29.2
2020-04-09,7.5,-5.8,0.0,990.1,50,16.6
2020-04-10,14.6,0.6,0.0,991.6,22,18.4
2020-04-11,12.0,1.8,0.1,993.2,36,23.3
2020-04-12,12.3,0.6,0.2,984.7,70,19.9
2020-04-13,10.4,0.2,0.6,978.8,76,22.4
2020-04-14,7.0,-1.2,2.6,982.1,68,15.6
2020-04-15,9.2,-1.3,0.5,987.2,39,19.6
2020-04-16,15.9,5.0,0.0,983.2,99,29.7
2020-04-17,10.9,3.0,2.8,978.0,94,28.6
2020-04-18,10.7,3.2,1.0,979.1,58,33.6
2020-04-19,11.3,0.1,0.1,989.7,32,16.6
2020-04-20,12.0,-0.5,0.9,992.9,74,17.8
2020-04-21,15.7,1.3,0.1,989.9,87,15.3
2020-04-22,12.3,6.0,2.2,972.3,77,30.1
2020-04-23,7.4,1.0,0.7,971.4,28,36.2
2020-04-24,8.1,-2.1,1.2,978.1,38,27.1
2020-04-25,12.1,-2.3,0.2,984.4,38,33.3
2020-04-26,16.8,7.8,0.0,986.8,52,32.2
2020-04-27,15.1,6.3,0.6,981.3,99,12.1
2020-04-28,16.9,7.2,0.0,974.4,67,14.8
2020-04-29,12.3,4.8,1.6,976.8,48,28.4
2020-04-30,12.1,3.8,0.8,981.7,88,26.5
2020-05-01,15.2,6.0,0.0,986.4,68,25.3
2020-05-02,18.2,4.3,0.4,986.0,52,23.8
2020-05-03,10.0,3.8,0.0,992.1,59,20.4
2020-05-04,15.1,0.9,0.0,997.8,14,12.8
2020-05-05,21.2,4.6,0.0,999.9,6,11.4
2020-05-06,23.6,6.9,0.0,997.0,8,14.3
2020-05-07,24.1,10.4,0.0,993.9,3,15.0
2020-05-08,25.0,8.9,0.0,992.4,4,15.1
2020-05-09,26.5,10.5,0.0,989.4,23,20.0
2020-05-10,23.6,15.1,0.0,984.0,77,14.2
2020-05-11,25.5,13.0,0.0,983.2,84,15.2
2020-05-12,24.9,14.6,0.0,980.9,73,24.9
2020-05-13,23.5,12.5,0.0,983.3,65,17.0
2020-05-14,22.3,11.6,1.1,983.0,90,11.5
2020-05-15,18.9,9.2,0.5,981.3,61,22.6
2020-05-16,20.0,9.6,0.1,978.6,72,26.5
2020-05-17,13.6,8.1,3.0,982.3,100,16.5
2020-05-18,16.3,8.9,0.0,982.8,96,18.9
2020-05-19,10.6,7.4,4.6,979.3,96,14.1
2020-05-20,16.4,6.8,3.9,977.0,50,20.8
2020-05-21,12.1,6.1,2.9,979.2,64,20.5
2020-05-22,20.2,7.3,0.0,984.4,48,20.6
2020-05-23,20.2,11.6,2.2,989.4,93,14.6
2020-05-24,32.5,13.4,0.2,991.3,80,24.5
2020-05-25,33.1,11.4,0.0,993.4,45,45.8
2020-05-26,21.8,10.4,0.0,1002.2,0,19.3
2020-05-27,22.4,12.1,0.0,1001.6,34,20.2
2020-05-28,30.0,16.1,0.1,991.9,56,23.5
2020-05-29,23.4,13.5,0.0,993.2,3,16.8
2020-05-30,26.1,12.6,0.0,991.4,18,9.1
2020-05-31,28.7,15.9,0.0,981.7,42,23.4
2020-06-01,23.4,12.1,0.8,980.4,56,27.8
2020-06-02,15.9,12.4,0.5,989.2,70,16.8
2020-06-03,17.6,10.9,0.0,992.6,79,11.2
2020-06-04,18.8,10.0,0.0,994.7,7,18.0
2020-06-05,21.2,8.5,0.0,998.6,8,10.7
2020-06-06,24.4,11.5,0.0,998.0,0,13.0
2020-06-07,26.3,13.9,0.0,996.8,0,12.2
2020-06-08,27.8,14.2,0.0,996.6,2,11.2
2020-06-09,29.7,15.2,0.0,998.8,4,8.7
2020-06-10,31.0,16.9,0.0,998.5,1,10.5
2020-06-11,31.0,20.2,0.1,992.0,41,24.0
2020-06-12,27.5,17.9,0.0,983.1,48,17.2
2020-06-13,20.6,12.4,3.0,985.4,64,22.6
2020-06-14,19.4,9.1,0.0,992.9,35,19.2
2020-06-15,22.6,10.3,0.0,994.7,34,16.0
2020-06-16,25.1,12.3,0.0,992.1,36,11.9
2020-06-17,25.1,15.4,0.0,985.1,53,24.5
2020-06-18,17.5,11.8,0.2,987.6,79,21.6
2020-06-19,18.9,10.5,0.0,992.8,57,12.6
2020-06-20,24.8,10.6,0.8,986.2,46,26.4
2020-06-21,20.0,12.2,2.3,981.9,58,22.2
2020-06-22,15.1,9.7,0.0,985.9,76,16.2
2020-06-23,21.0,9.6,0.0,988.4,73,20.8
2020-06-24,21.0,11.6,0.1,984.2,52,21.7
2020-06-25,16.0,9.9,0.0,982.8,62,23.1
2020-06-26,14.4,7.9,0.7,982.1,58,23.5
2020-06-27,16.6,7.8,0.1,980.4,58,22.6
2020-06-28,17.4,10.1,3.7,970.4,74,41.1
2020-06-29,18.1,8.8,0.3,976.0,77,28.3
2020-06-30,15.4,10.1,5.2,980.5,70,15.9
2020-07-01,16.7,8.5,0.2,987.5,38,14.0
2020-07-02,19.3,8.8,0.0,990.0,49,12.1
2020-07-03,23.7,11.1,0.0,989.2,51,10.7
2020-07-04,25.2,14.6,0.2,989.9,26,13.1
2020-07-05,22.9,15.1,3.6,986.6,97,11.2
2020-07-06,26.6,16.6,1.9,983.4,55,8.6
2020-07-07,29.5,18.0,0.0,986.8,42,8.4
2020-07-08,30.5,19.1,0.0,991.5,2,10.8
2020-07-09,32.3,19.4,0.0,991.2,0,9.2
2020-07-10,34.2,22.0,0.0,988.0,14,14.2
2020-07-11,33.7,22.5,0.0,988.5,33,25.6
2020-07-12,29.2,19.5,0.0,991.5,18,15.0
2020-07-13,32.2,19.4,0.0,990.0,4,10.0
2020-07-14,34.3,21.3,0.0,991.3,10,16.6
2020-07-15,34.8,23.7,0.0,992.3,10,17.4
2020-07-16,34.5,23.1,0.0,990.1,40,15.8
2020-07-17,33.4,22.0,0.0,987.5,2,13.8
2020-07-18,34.0,21.6,0.0,986.3,17,20.1
2020-07-19,33.0,22.4,0.5,984.2,69,20.0
2020-07-20,28.7,20.1,6.2,981.9,90,15.0
2020-07-21,22.8,17.7,8.8,984.9,89,19.8
2020-07-22,22.5,16.2,0.0,985.8,97,20.6
2020-07-23,22.9,18.0,0.6,978.0,97,26.7
2020-07-24,23.3,15.6,2.6,978.6,73,25.7
2020-07-25,23.4,13.5,0.0,985.7,71,14.0
2020-07-26,21.5,16.2,0.4,987.7,83,11.5
2020-07-27,22.0,14.9,0.0,988.8,65,15.1
2020-07-28,23.6,13.8,0.1,988.4,35,18.2
2020-07-29,23.8,14.9,3.3,988.5,69,13.7
2020-07-30,25.0,16.0,0.2,986.2,79,20.5
2020-07-31,30.0,18.1,0.0,982.4,76,23.5
2020-08-01,27.5,18.8,0.0,983.5,82,12.8
2020-08-02,33.2,19.9,0.0,984.3,62,19.8
2020-08-03,32.6,20.0,0.0,985.4,88,21.9
2020-08-04,33.2,21.5,0.0,987.1,50,19.0
2020-08-05,31.2,20.1,0.0,991.3,3,22.5
2020-08-06,30.7,19.6,0.0,993.0,6,20.9
2020-08-07,30.4,20.5,0.0,988.9,24,16.2
2020-08-08,29.1,18.6,7.4,980.4,95,18.7
2020-08-09,22.8,17.5,14.8,971.0,94,19.6
2020-08-10,22.9,16.3,14.4,967.1,80,20.2
2020-08-11,16.1,12.9,6.7,972.4,100,28.7
2020-08-12,18.8,12.9,0.3,979.8,59,23.7
2020-08-13,17.5,12.3,0.0,984.5,76,12.0
2020-08-14,18.1,12.1,1.0,984.9,90,17.7
2020-08-15,19.8,12.6,0.9,981.5,98,18.6
2020-08-16,19.8,13.6,13.3,974.2,90,15.6
2020-08-17,15.5,11.6,4.0,969.2,88,16.6
2020-08-18,14.1,11.1,5.5,966.9,98,24.0
2020-08-19,12.9,9.2,3.1,971.5,91,27.7
2020-08-20,13.4,9.5,5.1,971.7,100,27.7
2020-08-21,17.1,12.1,7.3,977.1,78,24.5
2020-08-22,17.9,11.1,2.2,980.7,54,16.8
2020-08-23,17.5,10.7,0.3,983.3,64,13.8
2020-08-24,19.2,11.2,0.0,983.7,39,14.5
2020-08-25,22.2,11.1,0.3,984.7,72,20.9
2020-08-26,22.0,14.2,0.1,986.6,21,20.4
2020-08-27,23.9,11.2,0.0,989.7,52,11.8
2020-08-28,27.2,16.0,0.0,989.0,54,12.7
2020-08-29,28.4,16.3,0.0,989.7,57,15.9
2020-08-30,28.4,16.5,0.0,991.0,50,18.2
2020-08-31,23.4,15.4,0.0,990.9,76,15.6
2020-09-01,27.9,16.5,0.0,989.0,73,18.5
2020-09-02,25.6,12.9,0.3,985.7,46,34.7
2020-09-03,14.8,9.6,0.0,996.5,50,24.4
2020-09-04,13.3,6.2,0.0,1000.5,56,19.1
2020-09-05,14.1,9.2,1.1,998.0,68,15.5
2020-09-06,17.4,8.2,0.0,995.1,58,24.9
2020-09-07,18.4,10.1,0.2,994.7,35,20.9
2020-09-08,18.0,10.1,0.2,997.2,54,8.4
2020-09-09,22.2,10.4,0.0,994.2,74,18.5
2020-09-10,19.0,12.9,0.0,990.0,98,20.4
2020-09-11,21.4,8.1,0.0,988.0,51,22.3
2020-09-12,18.0,11.9,2.2,988.6,72,14.1
2020-09-13,15.6,9.3,0.0,995.1,58,16.7
2020-09-14,17.8,5.7,0.0,987.9,61,18.9
2020-09-15,12.3,9.1,44.4,971.0,100,23.8
2020-09-16,9.8,7.9,28.8,962.5,100,31.1
2020-09-17,14.5,8.9,22.2,974.1,95,31.9
2020-09-18,13.1,5.9,0.0,988.3,66,17.9
2020-09-19,16.5,8.2,0.0,983.5,94,24.7
2020-09-20,13.4,5.3,4.1,967.3,90,27.2
2020-09-21,8.0,3.1,6.7,973.2,88,28.5
2020-09-22,8.6,3.9,1.7,979.4,98,19.4
2020-09-23,11.5,6.8,3.3,973.2,61,33.6
2020-09-24,11.4,6.6,0.0,990.8,66,27.3
2020-09-25,12.6,2.8,0.0,1003.2,3,10.7
2020-09-26,14.8,2.1,0.0,1005.0,58,10.0
2020-09-27,16.0,4.6,0.0,1006.0,13,11.4
2020-09-28,15.8,5.9,0.0,1005.2,12,12.8
2020-09-29,13.6,7.1,0.0,1008.3,69,8.5
2020-09-30,15.2,6.9,0.0,1006.9,39,9.4
2020-10-01,14.5,5.3,0.0,1006.5,56,10.7
2020-10-02,16.1,4.9,0.0,1003.3,1,11.4
2020-10-03,14.8,7.1,0.0,998.3,54,18.9
2020-10-04,7.7,2.4,0.0,1004.2,58,18.7
2020-10-05,6.6,0.6,0.0,1006.4,45,18.0
2020-10-06,8.2,2.0,2.4,999.0,93,21.0
2020-10-07,5.9,-1.2,2.3,1001.9,61,22.3
2020-10-08,6.6,-3.7,0.0,1011.4,29,11.4
2020-10-09,10.6,2.1,0.0,1007.8,89,21.3
2020-10-10,10.8,5.3,0.0,1004.0,92,22.6
2020-10-11,12.8,7.2,0.0,1002.3,65,19.9
2020-10-12,13.4,6.4,0.0,1002.5,65,15.5
2020-10-13,15.1,3.6,0.0,1000.6,67,14.1
2020-10-14,16.3,7.1,0.0,997.1,60,16.7
2020-10-15,15.4,8.1,0.0,994.0,69,16.7
2020-10-16,16.9,8.6,0.3,986.9,76,25.2
2020-10-17,12.8,1.5,0.5,981.5,66,39.0
2020-10-18,5.3,-0.6,0.0,997.7,29,22.2
2020-10-19,13.6,4.1,0.3,989.0,94,25.6
2020-10-20,10.4,3.2,1.9,983.7,85,17.9
2020-10-21,5.4,-0.3,0.2,981.8,19,17.6
2020-10-22,1.0,-1.4,0.1,982.3,77,24.5
2020-10-23,-1.3,-5.2,0.1,990.9,33,18.9
2020-10-24,1.4,-4.6,4.5,985.1,85,28.9
2020-10-25,9.1,1.8,1.1,980.4,83,21.7
2020-10-26,3.8,-1.6,14.3,975.4,100,35.1
2020-10-27,-1.9,-3.8,7.1,988.2,89,39.6
2020-10-28,1.9,-5.3,0.0,1001.8,58,16.7
2020-10-29,4.4,-1.5,0.0,1001.8,47,17.3
2020-10-30,6.8,-5.7,0.0,1004.1,20,13.8
2020-10-31,6.9,0.6,0.1,998.6,84,17.1
2020-11-01,5.0,-0.2,3.9,997.3,91,18.6
2020-11-02,2.5,-2.0,0.0,1003.3,65,17.1
2020-11-03,1.2,-3.0,0.0,1006.4,33,12.4
2020-11-04,8.9,-1.7,0.0,1002.6,2,14.0
2020-11-05,6.0,-0.2,0.5,996.3,71,11.8
2020-11-06,8.4,3.5,0.1,984.9,99,21.3
2020-11-07,6.7,3.3,0.7,973.7,100,17.9
2020-11-08,2.8,1.2,1.1,969.5,90,25.4
2020-11-09,3.2,-0.5,0.1,972.4,76,30.5
2020-11-10,0.6,-3.2,1.4,978.7,87,19.9
2020-11-11,-0.6,-4.1,0.5,979.5,75,20.2
2020-11-12,-2.7,-6.3,0.5,985.7,92,20.8
2020-11-13,-2.7,-6.2,1.0,986.2,78,16.6
2020-11-14,-5.8,-8.9,0.2,994.7,87,22.3
2020-11-15,-8.8,-10.6,0.0,1004.0,82,23.8
2020-11-16,-9.1,-14.4,0.0,1010.1,48,14.6
2020-11-17,-4.3,-9.2,0.0,1013.6,96,13.9
2020-11-18,-4.1,-8.1,0.0,1012.4,87,18.0
2020-11-19,-5.7,-13.2,0.0,1010.0,5,14.8
2020-11-20,-0.9,-7.6,0.0,1004.5,38,15.0
2020-11-21,-2.2,-7.4,0.0,1007.6,51,14.5
2020-11-22,-5.2,-11.4,0.0,1009.3,65,11.8
2020-11-23,-5.2,-12.9,0.0,1005.1,91,14.1
2020-11-24,-6.5,-11.2,0.0,1001.1,95,15.9
2020-11-25,-7.4,-10.1,0.0,1000.8,97,14.2
2020-11-26,-7.6,-10.4,0.7,999.3,100,13.0
2020-11-27,-8.5,-10.2,2.7,999.6,99,7.9
2020-11-28,-9.9,-11.6,0.3,1008.2,96,10.1
2020-11-29,-10.5,-15.6,0.0,1019.8,80,9.0
2020-11-30,-10.4,-20.9,0.0,1023.0,64,10.6
2020-12-01,-10.1,-13.5,0.0,1022.5,97,6.3
2020-12-02,-13.0,-20.1,0.0,1016.4,57,11.3
2020-12-03,-12.4,-21.3,0.0,1011.7,67,14.5
2020-12-04,-8.0,-12.2,0.0,1011.9,96,13.0
2020-12-05,-6.4,-9.3,0.0,1014.3,97,10.4
2020-12-06,-6.7,-14.4,0.0,1012.0,67,13.7
2020-12-07,-6.5,-10.2,0.0,1005.6,66,18.1
2020-12-08,-4.9,-9.8,0.0,1003.7,81,18.5
2020-12-09,-5.3,-11.2,0.0,1005.2,76,16.2
2020-12-10,-10.2,-14.6,0.0,1009.7,76,13.1
2020-12-11,-8.1,-12.8,0.0,1013.0,21,10.6
2020-12-12,-10.4,-16.6,0.0,1010.3,37,13.8
2020-12-13,-9.8,-17.0,0.0,1009.1,71,15.3
2020-12-14,-7.4,-14.0,0.0,1008.1,79,19.6
2020-12-15,-6.7,-12.8,0.0,1006.4,60,12.3
2020-12-16,-4.3,-15.6,0.0,1002.1,95,17.8
2020-12-17,-3.7,-8.3,0.6,994.9,99,17.6
2020-12-18,-5.3,-10.1,0.9,986.5,92,14.0
2020-12-19,-8.9,-19.2,0.7,997.0,62,23.2
2020-12-20,-16.2,-20.6,0.0,1007.2,31,14.7
2020-12-21,-9.6,-15.9,1.8,1004.3,97,23.1
2020-12-22,-6.6,-9.9,0.6,1000.0,97,15.6
2020-12-23,-4.7,-6.2,0.1,995.4,94,16.9
2020-12-24,-5.2,-8.0,0.7,995.3,86,17.1
2020-12-25,-6.9,-17.6,1.1,1002.5,98,16.4
2020-12-26,-11.6,-14.1,0.0,1002.8,95,12.4
2020-12-27,-5.2,-13.5,1.3,1000.1,99,27.9
2020-12-28,-4.9,-7.6,3.3,996.2,98,22.7
2020-12-29,-7.4,-14.6,0.0,1002.5,92,16.9
2020-12-30,-15.2,-23.4,0.0,1008.4,58,15.3
2020-12-31,-17.8,-21.8,0.1,1010.0,76,10.2
2021-01-01,-17.2,-21.0,0.0,1014.0,98,12.7
2021-01-02,-15.0,-19.3,0.4,1016.7,100,15.3
2021-01-03,-13.2,-15.1,0.5,1016.5,100,20.8
2021-01-04,-15.0,-17.5,1.7,1017.2,94,18.9
2021-01-05,-16.0,-19.1,1.6,1017.3,94,11.8
2021-01-06,-16.2,-21.0,0.7,1016.8,85,11.0
2021-01-07,-18.1,-21.6,0.0,1014.7,99,19.1
2021-01-08,-14.7,-18.2,0.0,1006.3,65,20.5
2021-01-09,-10.0,-14.6,0.7,997.7,89,19.6
2021-01-10,-13.3,-17.7,6.5,993.3,99,19.0
2021-01-11,-17.5,-21.7,1.7,990.9,99,18.0
2021-01-12,-21.8,-24.0,0.6,994.7,97,16.3
2021-01-13,-24.3,-29.4,0.0,1006.3,48,12.6
2021-01-14,-25.8,-31.5,0.0,1009.8,27,13.5
2021-01-15,-11.6,-26.6,0.9,996.9,98,20.4
2021-01-16,-6.7,-12.3,0.3,980.3,86,17.1
2021-01-17,-7.7,-14.1,0.0,978.0,28,28.0
2021-01-18,-14.8,-23.6,0.0,988.1,31,15.3
2021-01-19,-15.6,-24.1,1.6,991.2,100,14.5
2021-01-20,-14.1,-15.5,6.5,983.8,100,13.7
2021-01-21,-16.1,-22.0,0.0,984.8,72,14.0
2021-01-22,-16.9,-22.9,0.0,987.9,82,13.8
2021-01-23,-23.9,-30.9,0.0,1003.3,66,13.6
2021-01-24,-14.6,-26.0,1.2,1003.0,98,17.0
2021-01-25,-0.4,-13.6,1.1,1000.6,92,17.0
2021-01-26,-1.4,-5.5,0.0,1000.9,98,17.7
2021-01-27,-1.5,-7.0,0.0,1000.8,72,13.0
2021-01-28,-5.2,-7.8,0.0,998.5,90,23.9
2021-01-29,-7.5,-10.7,0.0,995.6,92,16.8
2021-01-30,-7.7,-13.4,0.0,990.8,82,16.6
2021-01-31,-7.2,-15.0,0.0,991.4,42,13.7
2021-02-01,-2.5,-13.6,0.0,991.3,71,19.4
2021-02-02,0.6,-7.8,1.4,992.3,99,27.5
2021-02-03,-0.1,-11.6,0.0,990.6,73,13.0
2021-02-04,-4.5,-13.4,0.6,990.0,94,14.3
2021-02-05,1.8,-3.5,0.2,981.0,93,20.8
2021-02-06,2.2,0.4,4.0,965.7,98,28.0
2021-02-07,0.2,-19.4,5.7,963.4,49,35.9
2021-02-08,-19.0,-23.0,1.3,969.3,83,26.8
2021-02-09,-22.1,-25.0,0.1,982.2,73,21.6
2021-02-10,-20.5,-26.0,0.0,996.9,56,15.9
2021-02-11,-18.2,-24.9,0.8,1000.4,64,11.8
2021-02-12,-14.1,-23.0,0.6,998.0,84,12.9
2021-02-13,-1.6,-15.3,0.0,993.6,97,22.6
2021-02-14,-0.2,-7.1,0.2,986.7,94,25.1
2021-02-15,-7.3,-18.5,0.0,986.9,19,35.2
2021-02-16,-16.3,-23.3,0.3,989.4,37,15.2
2021-02-17,-16.5,-24.5,0.0,997.2,44,13.1
2021-02-18,-16.8,-23.9,2.2,991.1,100,21.4
2021-02-19,-18.4,-22.4,0.1,989.7,83,17.4
2021-02-20,-15.2,-22.6,0.7,989.4,93,20.0
2021-02-21,-17.5,-24.4,0.0,993.8,39,17.1
2021-02-22,-20.4,-29.0,0.3,993.8,74,14.2
2021-02-23,-22.5,-25.5,4.3,986.9,100,40.7
2021-02-24,-22.1,-27.0,5.2,984.2,100,39.9
2021-02-25,-19.1,-25.2,0.0,996.0,36,27.5
2021-02-26,-21.0,-26.6,0.0,997.6,0,12.9
2021-02-27,-17.4,-27.5,1.5,990.3,82,21.4
2021-02-28,-12.8,-17.4,1.3,980.4,99,16.1
2021-03-01,-13.8,-17.5,0.1,986.1,79,13.4
2021-03-02,-9.9,-21.4,0.0,981.5,37,19.2
2021-03-03,-2.7,-9.6,1.1,973.3,79,17.1
2021-03-04,-3.2,-11.1,0.0,971.1,40,21.7
2021-03-05,0.3,-6.9,3.2,969.9,85,27.1
2021-03-06,-4.1,-10.9,0.2,980.8,22,20.2
2021-03-07,-8.5,-13.1,2.2,980.0,94,18.0
2021-03-08,-7.3,-18.3,0.2,979.3,48,23.7
2021-03-09,-2.0,-9.8,0.7,978.5,71,25.2
2021-03-10,-4.2,-10.2,5.6,973.6,100,17.1
2021-03-11,-6.3,-16.4,3.8,975.5,99,32.1
2021-03-12,-14.2,-22.2,0.0,989.5,42,16.1
2021-03-13,-8.1,-16.4,0.0,999.7,13,17.2
2021-03-14,-6.6,-17.5,0.0,1002.1,0,13.7
2021-03-15,-4.3,-12.6,0.4,1000.9,75,17.4
2021-03-16,-1.5,-6.9,0.9,1001.2,83,14.8
2021-03-17,-0.6,-7.6,0.0,1001.1,88,17.4
2021-03-18,-3.5,-9.0,0.0,997.1,95,28.0
2021-03-19,-2.2,-6.4,0.8,982.0,96,18.4
2021-03-20,-0.9,-3.9,1.8,968.1,96,14.5
2021-03-21,-0.9,-5.2,0.0,976.2,90,16.1
2021-03-22,-3.5,-10.1,0.0,983.7,41,12.7
2021-03-23,-1.1,-14.6,0.0,985.5,38,15.3
2021-03-24,2.0,-4.2,0.0,986.9,84,17.4
2021-03-25,2.3,-3.7,0.0,986.6,20,20.3
2021-03-26,4.9,-4.7,0.0,984.8,12,11.9
2021-03-27,3.4,-5.6,0.2,980.5,88,21.6
2021-03-28,1.4,-3.7,0.0,989.6,21,24.0
2021-03-29,3.3,-4.8,0.3,995.4,29,19.7
2021-03-30,1.2,-7.0,0.0,1003.3,23,13.2
2021-03-31,4.7,-4.0,0.0,999.8,42,17.6
2021-04-01,3.2,-3.0,0.2,991.0,96,27.7
2021-04-02,6.2,0.7,0.0,988.7,56,23.7
2021-04-03,3.8,-3.0,0.0,988.4,62,18.7
2021-04-04,4.2,-2.2,0.5,977.5,78,12.4
2021-04-05,5.3,-2.5,0.3,976.6,47,30.7
2021-04-06,6.8,-2.3,0.0,989.8,22,17.9
2021-04-07,10.1,-1.5,0.5,990.5,86,15.5
2021-04-08,4.3,-0.2,5.2,988.9,96,13.1
2021-04-09,12.9,0.2,0.0,997.2,55,10.3
2021-04-10,14.8,2.0,0.0,1005.3,87,17.2
2021-04-11,15.7,0.9,0.0,1007.4,56,22.1
2021-04-12,11.3,2.5,0.8,1007.5,85,14.5
2021-04-13,15.5,0.4,0.0,1011.4,14,14.5
2021-04-14,19.7,4.9,0.0,1004.9,35,15.8
2021-04-15,21.1,6.1,0.0,997.0,13,11.4
2021-04-16,12.2,4.5,0.0,995.2,14,19.1
2021-04-17,13.2,1.5,0.0,996.5,28,10.5
2021-04-18,11.7,-1.8,0.0,993.3,27,31.9
2021-04-19,2.7,-6.1,0.0,1004.9,0,17.7
2021-04-20,9.1,-6.2,0.0,1004.6,6,14.2
2021-04-21,13.6,-1.3,0.0,1004.1,6,13.9
2021-04-22,12.9,0.9,0.0,1005.8,81,19.7
2021-04-23,13.1,5.2,0.0,1004.2,100,20.0
2021-04-24,10.6,4.7,1.3,995.7,99,21.3
2021-04-25,14.3,4.4,0.1,987.5,85,20.4
2021-04-26,13.6,2.0,0.0,988.6,28,26.6
2021-04-27,13.3,1.5,0.1,984.7,83,15.0
2021-04-28,13.4,2.8,0.6,984.0,60,23.5
2021-04-29,10.6,1.8,0.0,987.4,44,24.6
2021-04-30,9.8,1.8,0.0,992.2,34,28.0
2021-05-01,17.5,0.2,0.1,995.8,66,24.5
2021-05-02,15.4,8.8,3.2,989.9,88,23.7
2021-05-03,14.6,5.9,11.1,994.0,71,12.9
2021-05-04,24.0,6.1,0.0,989.0,49,23.3
2021-05-05,25.4,9.4,0.2,976.7,64,34.8
2021-05-06,14.0,5.4,0.3,984.3,18,29.7
2021-05-07,19.9,4.6,0.0,992.8,6,11.5
2021-05-08,19.5,5.9,0.0,990.5,92,12.0
2021-05-09,22.5,8.6,0.0,988.5,91,17.6
2021-05-10,20.0,7.3,0.0,994.8,0,17.6
2021-05-11,20.4,6.1,0.0,1000.2,34,12.5
2021-05-12,25.1,9.2,0.0,1000.4,16,13.0
2021-05-13,27.2,11.5,0.0,999.4,35,13.2
2021-05-14,29.2,11.2,0.0,998.6,12,12.0
2021-05-15,30.5,15.2,0.0,995.8,31,17.3
2021-05-16,32.0,17.3,0.0,994.0,32,15.5
2021-05-17,30.9,17.3,0.0,991.9,26,20.7
2021-05-18,27.9,17.8,0.0,988.8,55,21.5
2021-05-19,20.2,12.4,0.0,995.5,31,20.4
2021-05-20,23.9,11.6,0.0,995.7,22,11.2
2021-05-21,27.6,14.4,0.0,992.6,16,18.4
2021-05-22,29.4,16.4,0.0,993.1,40,15.1
2021-05-23,33.8,20.1,0.0,991.1,56,16.8
2021-05-24,34.3,18.2,0.0,991.2,38,23.1
2021-05-25,34.8,20.5,0.0,987.2,5,17.8
2021-05-26,27.4,16.2,0.0,984.9,23,26.5
2021-05-27,21.0,11.9,0.0,992.8,7,15.5
2021-05-28,27.1,11.9,0.0,992.7,15,15.0
2021-05-29,28.0,16.1,0.0,988.0,26,18.2
2021-05-30,30.6,15.6,0.5,980.5,62,28.6
2021-05-31,19.6,11.1,3.7,982.0,71,22.8
2021-06-01,17.8,8.8,0.0,989.5,71,16.5
2021-06-02,20.5,13.2,0.6,988.7,94,7.1
2021-06-03,16.5,13.2,7.0,988.4,99,11.0
2021-06-04,17.6,10.1,0.0,995.6,1,25.0
2021-06-05,20.2,9.3,0.0,998.8,0,8.4
2021-06-06,24.1,11.0,0.0,991.8,14,11.8
2021-06-07,25.7,13.4,0.0,985.5,22,10.5
2021-06-08,21.5,13.1,0.0,987.4,18,21.5
2021-06-09,20.6,12.1,0.0,988.6,57,11.5
2021-06-10,16.0,12.6,0.9,989.5,90,21.9
2021-06-11,21.1,11.3,0.0,994.1,49,15.3
2021-06-12,22.9,10.9,0.0,996.1,49,16.3
2021-06-13,26.1,13.5,0.0,996.2,5,15.1
2021-06-14,29.7,15.1,0.0,995.2,60,17.7
2021-06-15,30.0,20.0,0.0,991.0,88,16.6
2021-06-16,31.1,17.6,0.0,989.1,68,12.1
2021-06-17,30.6,19.2,1.2,982.2,78,24.6
2021-06-18,19.3,14.9,0.0,987.5,34,30.1
2021-06-19,21.6,11.5,2.1,991.9,73,27.7
2021-06-20,23.9,17.0,0.0,984.7,33,33.7
2021-06-21,21.0,12.1,0.0,993.5,26,25.4
2021-06-22,26.2,14.2,2.8,991.6,67,18.4
2021-06-23,20.9,14.9,2.6,989.6,42,17.9
2021-06-24,22.5,10.9,0.0,992.1,45,14.1
2021-06-25,26.5,17.2,0.0,985.9,55,14.3
2021-06-26,27.0,18.5,3.3,983.6,67,14.0
2021-06-27,26.8,18.8,0.2,984.9,30,14.8
2021-06-28,27.4,15.9,0.0,989.0,20,9.5
2021-06-29,32.5,18.0,0.0,988.2,41,12.0
2021-06-30,35.3,21.2,0.0,985.8,44,13.2
2021-07-01,32.7,21.3,0.3,984.1,75,8.6
2021-07-02,33.5,22.3,0.0,980.5,45,21.5
2021-07-03,31.1,21.0,1.4,976.8,41,22.3
2021-07-04,27.5,18.4,0.1,977.2,25,19.1
2021-07-05,18.8,14.0,0.0,983.5,88,23.3
2021-07-06,21.5,12.5,0.0,989.5,26,22.0
2021-07-07,22.2,12.2,0.0,993.3,51,15.5
2021-07-08,25.7,14.8,0.0,991.5,66,18.9
2021-07-09,27.6,16.8,0.0,986.8,18,19.1
2021-07-10,27.1,16.5,1.1,981.1,66,18.1
2021-07-11,19.5,16.0,6.3,980.3,94,23.8
2021-07-12,20.2,13.3,0.0,983.1,67,29.6
2021-07-13,19.8,13.2,0.1,985.0,44,26.0
2021-07-14,19.2,10.4,0.0,987.1,43,21.6
2021-07-15,21.2,11.5,0.0,983.5,62,21.8
2021-07-16,24.5,13.3,1.2,981.4,74,10.0
2021-07-17,23.8,15.9,8.8,981.1,66,9.4
2021-07-18,26.3,15.5,4.5,982.0,49,11.4
2021-07-19,25.7,16.6,1.2,981.2,39,14.5
2021-07-20,27.5,16.2,0.0,982.5,26,14.1
2021-07-21,29.9,19.7,0.0,978.8,43,19.8
2021-07-22,29.5,18.3,0.2,977.1,47,20.7
2021-07-23,25.4,16.8,7.5,975.1,70,18.8
2021-07-24,23.0,14.9,16.2,979.2,94,13.1
2021-07-25,20.1,15.4,0.8,985.9,32,20.2
2021-07-26,18.6,11.4,0.0,992.6,37,19.3
2021-07-27,22.0,12.8,0.1,987.6,38,20.7
2021-07-28,18.0,13.2,0.6,984.7,49,20.4
2021-07-29,22.0,10.6,0.0,985.5,31,19.7
2021-07-30,24.2,13.7,0.2,981.6,75,23.4
2021-07-31,26.9,16.5,0.0,982.3,65,16.8
2021-08-01,27.2,18.5,0.0,983.1,28,22.0
2021-08-02,26.6,16.5,0.0,987.1,69,18.5
2021-08-03,29.9,17.8,0.0,988.2,57,14.8
2021-08-04,30.6,17.9,0.0,987.3,44,9.9
2021-08-05,32.5,19.6,0.0,984.0,58,15.1
2021-08-06,24.5,17.6,0.6,983.6,49,20.2
2021-08-07,21.8,12.4,0.0,987.8,25,23.9
2021-08-08,19.5,13.1,0.4,989.6,59,22.6
2021-08-09,23.6,15.6,0.0,992.6,69,19.0
2021-08-10,18.9,13.2,0.3,992.0,60,17.7
2021-08-11,18.5,11.9,0.0,994.3,73,18.8
2021-08-12,20.6,10.6,0.0,997.7,19,16.8
2021-08-13,22.8,11.9,0.0,997.6,53,11.2
2021-08-14,28.6,11.6,0.0,992.8,6,12.1
2021-08-15,27.2,16.3,0.0,992.2,37,13.7
2021-08-16,28.2,16.2,0.0,993.8,40,8.3
2021-08-17,30.5,16.8,0.0,992.8,52,13.4
2021-08-18,29.5,16.0,0.0,992.0,63,9.6
2021-08-19,29.4,17.7,0.0,991.7,48,10.4
2021-08-20,31.8,17.7,0.0,993.2,3,17.1
2021-08-21,32.0,18.0,0.0,995.3,2,13.0
2021-08-22,32.0,19.0,0.0,995.2,5,14.3
2021-08-23,33.5,21.5,0.0,993.4,19,21.9
2021-08-24,32.2,21.2,0.0,993.3,14,17.9
2021-08-25,31.7,17.6,0.0,990.6,37,20.2
2021-08-26,29.6,19.8,0.0,987.7,57,17.2
2021-08-27,23.6,14.9,1.7,990.4,52,20.4
2021-08-28,16.2,12.4,1.7,992.0,89,23.1
2021-08-29,16.5,8.5,0.0,991.7,48,12.8
2021-08-30,20.0,8.8,0.0,989.6,23,18.4
2021-08-31,14.2,9.4,0.0,992.0,70,12.1
2021-09-01,16.9,9.8,0.5,991.5,68,16.6
2021-09-02,27.5,10.9,0.0,985.1,63,23.4
2021-09-03,26.2,18.4,0.0,978.8,95,31.2
2021-09-04,22.0,13.1,1.9,974.5,49,28.6
2021-09-05,16.8,10.1,0.1,984.4,21,21.6
2021-09-06,16.4,6.2,2.2,992.5,53,17.5
2021-09-07,14.2,4.9,0.1,992.3,42,13.3
2021-09-08,13.2,5.2,0.0,989.7,65,25.6
2021-09-09,16.4,8.4,0.6,984.0,60,23.8
2021-09-10,14.6,8.9,0.0,975.9,62,30.6
2021-09-11,11.1,5.5,0.0,981.9,48,31.7
2021-09-12,13.2,4.3,0.0,987.0,57,26.1
2021-09-13,12.9,4.7,0.7,987.6,61,11.1
2021-09-14,23.0,9.4,0.0,983.2,52,22.4
2021-09-15,22.0,10.2,0.0,978.4,78,23.2
2021-09-16,13.7,6.8,0.0,976.0,47,25.2
2021-09-17,9.9,6.6,0.6,977.3,97,28.0
2021-09-18,9.4,4.9,3.4,981.5,72,23.2
2021-09-19,6.7,3.0,1.2,986.3,85,29.8
2021-09-20,7.7,3.4,0.0,996.0,86,22.7
2021-09-21,10.4,1.6,0.0,999.7,35,11.3
2021-09-22,10.4,1.1,0.0,996.5,15,11.3
2021-09-23,10.4,2.3,0.0,1001.2,44,10.0
2021-09-24,12.5,1.9,0.0,1000.8,52,17.3
2021-09-25,13.9,4.3,0.0,993.9,64,15.9
2021-09-26,9.8,6.0,1.9,989.2,98,25.6
2021-09-27,6.6,3.0,0.6,990.5,100,31.4
2021-09-28,8.0,2.1,0.0,992.4,83,34.4
2021-09-29,8.9,2.5,0.1,994.9,65,22.9
2021-09-30,8.4,1.2,0.0,996.1,55,18.3
2021-10-01,8.1,1.1,1.1,996.5,73,20.2
2021-10-02,9.9,1.2,0.1,998.9,67,13.4
2021-10-03,3.4,0.5,0.4,1001.5,69,19.1
2021-10-04,2.8,-0.2,0.0,1009.8,87,18.2
2021-10-05,5.8,-0.7,0.1,1012.6,85,20.2
2021-10-06,9.1,2.3,0.0,1011.6,56,12.2
2021-10-07,9.8,0.9,0.0,1012.5,22,17.5
2021-10-08,12.1,1.5,0.0,1007.7,0,17.4
2021-10-09,10.6,1.9,0.0,1000.2,30,17.7
2021-10-10,5.8,3.0,1.2,998.7,93,10.7
2021-10-11,8.1,0.1,0.0,1000.1,78,14.8
2021-10-12,12.2,6.8,0.0,999.7,88,18.0
2021-10-13,13.6,5.0,0.0,1005.3,47,9.7
2021-10-14,13.8,2.3,0.0,1007.1,22,11.9
2021-10-15,12.5,3.8,0.0,1003.2,69,24.3
2021-10-16,8.8,3.3,2.8,995.0,67,20.3
2021-10-17,10.3,1.1,0.0,994.2,29,13.2
2021-10-18,11.9,4.4,0.8,990.0,98,15.9
2021-10-19,12.1,8.0,0.0,983.0,100,20.5
2021-10-20,8.1,0.8,9.7,979.0,100,23.0
2021-10-21,2.7,-1.2,2.9,981.2,88,26.6
2021-10-22,8.9,-0.6,3.8,976.3,98,22.3
2021-10-23,12.9,7.2,0.5,980.6,61,27.2
2021-10-24,9.4,4.5,3.3,984.7,91,24.7
2021-10-25,6.2,1.8,0.3,985.4,96,14.2
2021-10-26,1.2,-3.2,0.0,991.6,62,27.7
2021-10-27,4.5,-0.4,0.0,993.0,95,17.2
2021-10-28,4.8,0.2,0.0,985.0,100,22.1
2021-10-29,3.6,-4.6,0.0,989.8,49,22.3
2021-10-30,3.6,-5.4,1.8,993.3,96,26.8
2021-10-31,5.8,1.6,0.2,992.5,92,23.4
2021-11-01,6.6,4.3,1.6,989.3,100,21.2
2021-11-02,2.4,-7.4,4.1,1003.3,42,21.2
2021-11-03,-3.1,-10.0,0.0,1014.5,23,13.4
2021-11-04,2.4,-7.2,0.0,1013.4,0,13.6
2021-11-05,4.7,-3.8,0.0,1008.3,83,18.5
2021-11-06,5.9,-0.2,0.0,1001.2,94,25.2
2021-11-07,4.0,1.8,0.2,988.4,99,27.3
2021-11-08,4.5,-1.9,0.1,990.2,81,27.8
2021-11-09,3.7,-1.5,1.7,985.0,97,22.3
2021-11-10,4.3,-4.7,0.2,984.4,62,21.4
2021-11-11,-3.3,-6.8,0.0,996.1,28,19.6
2021-11-12,-0.1,-6.8,2.0,986.3,90,18.5
2021-11-13,-1.0,-3.3,1.9,979.7,100,16.4
2021-11-14,-1.0,-7.7,2.7,982.3,99,22.1
2021-11-15,-8.7,-16.5,0.0,995.2,66,15.1
2021-11-16,-8.6,-13.1,0.7,993.4,81,16.6
2021-11-17,-4.1,-10.0,1.8,982.8,91,19.5
2021-11-18,-10.9,-18.2,0.0,996.1,3,15.4
2021-11-19,-1.6,-16.0,0.0,994.1,98,19.2
2021-11-20,-3.8,-6.1,0.9,983.9,100,26.5
2021-11-21,-1.4,-6.1,3.0,966.2,98,29.9
2021-11-22,-0.8,-5.2,0.3,963.4,80,24.4
2021-11-23,-4.1,-7.3,0.0,973.4,57,22.8
2021-11-24,-8.1,-11.9,0.5,983.1,36,23.0
2021-11-25,-9.8,-18.5,0.0,985.3,47,14.1
2021-11-26,-2.0,-14.6,0.0,991.9,80,20.6
2021-11-27,-0.6,-2.5,0.0,996.5,99,19.6
2021-11-28,-1.9,-10.4,0.0,999.1,62,17.9
2021-11-29,-2.9,-8.4,0.0,994.1,79,17.9
2021-11-30,-1.4,-7.8,0.0,988.9,98,25.7
2021-12-01,2.2,-1.4,2.3,977.1,99,27.1
2021-12-02,2.3,-6.4,0.0,970.8,71,24.9
2021-12-03,-1.4,-6.1,0.2,981.4,77,22.2
2021-12-04,2.7,-3.0,0.4,989.4,83,26.7
2021-12-05,1.8,-2.0,1.2,985.7,100,26.1
2021-12-06,-2.6,-10.6,1.4,990.3,78,16.8
2021-12-07,-11.8,-16.4,0.0,1002.9,4,15.5
2021-12-08,-10.4,-20.6,0.0,1010.3,78,16.2
2021-12-09,-7.0,-9.9,0.0,1007.3,92,20.6
2021-12-10,-7.6,-10.7,0.0,1001.2,99,21.9
2021-12-11,-6.7,-12.3,0.0,1004.0,36,17.4
2021-12-12,-9.6,-13.4,0.0,1009.7,11,15.3
2021-12-13,-5.8,-10.4,0.0,1009.9,36,16.3
2021-12-14,-2.2,-9.9,0.0,1004.4,100,22.0
2021-12-15,-2.0,-5.2,0.7,1000.0,99,17.3
2021-12-16,-3.0,-8.1,2.2,990.7,91,10.4
2021-12-17,-3.7,-6.6,0.7,984.6,100,12.7
2021-12-18,-4.4,-11.2,0.1,985.2,94,12.6
2021-12-19,-1.5,-6.7,3.9,973.6,100,15.8
2021-12-20,-1.4,-11.4,1.2,977.7,69,26.7
2021-12-21,0.2,-3.7,11.1,980.5,99,25.9
2021-12-22,0.3,-8.9,1.4,974.7,93,19.5
2021-12-23,-9.6,-18.8,1.0,983.7,70,15.3
2021-12-24,-13.8,-25.1,0.0,991.1,39,15.4
2021-12-25,-22.8,-26.2,0.0,999.6,40,13.3
2021-12-26,-13.1,-22.4,1.9,997.2,71,35.6
2021-12-27,-9.2,-14.7,3.1,986.5,51,26.6
2021-12-28,-14.1,-21.2,0.1,991.9,22,13.4
2021-12-29,-17.2,-23.8,0.0,998.9,1,19.2
2021-12-30,-13.9,-25.0,0.0,1005.7,82,18.8
2021-12-31,-11.1,-14.4,0.0,998.3,95,18.4
2022-01-01,-9.6,-12.6,0.4,987.2,92,19.0
2022-01-02,-5.3,-12.2,1.7,978.1,98,22.3
2022-01-03,-5.4,-10.1,3.6,968.8,99,24.1
2022-01-04,-11.6,-19.3,0.0,973.1,3,19.3
2022-01-05,-19.0,-21.5,0.0,984.3,0,11.8
2022-01-06,-16.8,-22.5,0.0,990.1,72,16.9
2022-01-07,1.9,-15.5,4.9,978.4,100,27.0
2022-01-08,2.5,-6.1,2.0,975.9,65,26.6
2022-01-09,-5.3,-17.6,0.5,998.2,25,35.2
2022-01-10,-14.3,-21.5,0.0,1004.8,81,17.7
2022-01-11,-12.8,-17.6,0.0,997.3,93,18.4
2022-01-12,-13.4,-17.6,0.0,999.7,94,14.8
2022-01-13,-15.9,-23.2,0.0,997.7,93,16.0
2022-01-14,-15.0,-19.8,1.0,977.2,94,23.8
2022-01-15,-6.2,-17.9,1.2,959.2,79,23.8
2022-01-16,-1.5,-12.5,0.5,959.8,100,33.2
2022-01-17,-8.7,-13.6,0.5,974.8,84,23.1
2022-01-18,-7.8,-10.6,0.0,986.2,48,21.4
2022-01-19,-5.2,-9.6,0.0,991.8,99,16.6
2022-01-20,-10.1,-15.1,0.0,994.5,95,12.3
2022-01-21,-13.9,-20.5,0.0,994.4,24,11.3
2022-01-22,-15.4,-23.4,0.0,999.7,79,11.2
2022-01-23,-14.3,-20.2,0.0,1006.7,99,10.5
2022-01-24,-12.6,-17.5,0.0,1007.9,100,12.3
2022-01-25,-9.6,-17.2,0.0,1000.6,97,11.6
2022-01-26,-11.9,-17.9,0.0,996.2,45,18.3
2022-01-27,-9.1,-16.5,0.0,993.9,30,19.3
2022-01-28,-14.6,-18.6,0.0,994.8,80,13.8
2022-01-29,-11.6,-17.2,0.0,991.5,100,9.0
2022-01-30,-12.9,-16.9,0.0,986.2,96,12.6
2022-01-31,-6.3,-18.2,0.1,986.1,58,13.0
2022-02-01,-6.3,-16.2,0.0,992.5,67,22.3
2022-02-02,-2.3,-6.2,0.7,992.8,67,23.8
2022-02-03,-1.9,-8.1,0.9,996.2,97,26.3
2022-02-04,-1.9,-6.6,0.4,991.0,100,26.0
2022-02-05,-5.8,-9.2,0.0,988.0,100,19.9
2022-02-06,-9.2,-16.2,0.0,984.5,100,13.3
2022-02-07,-13.6,-19.5,0.2,985.3,86,13.0
2022-02-08,-11.3,-19.2,0.7,991.6,97,9.4
2022-02-09,-8.3,-13.6,0.6,997.4,94,9.4
2022-02-10,-9.1,-13.6,0.1,1001.3,100,19.6
2022-02-11,-9.4,-13.6,7.8,990.4,100,22.5
2022-02-12,-9.4,-16.8,1.7,983.6,77,10.6
2022-02-13,-7.4,-15.1,0.7,984.9,95,11.8
2022-02-14,-5.7,-10.7,3.0,987.8,92,15.6
2022-02-15,-9.2,-16.6,0.1,995.7,55,13.1
2022-02-16,-4.6,-15.1,0.2,995.1,74,11.4
2022-02-17,-4.4,-10.4,0.0,994.0,100,13.2
2022-02-18,-7.9,-15.8,0.0,994.4,37,15.6
2022-02-19,-7.4,-15.4,0.0,996.2,8,19.1
2022-02-20,-4.4,-16.0,0.1,987.1,62,25.3
2022-02-21,1.1,-4.8,0.0,979.4,69,25.4
2022-02-22,-1.5,-5.4,1.3,985.2,49,14.9
2022-02-23,1.5,-4.7,0.6,987.2,99,24.9
2022-02-24,0.9,-5.1,1.5,988.7,78,26.1
2022-02-25,-0.1,-7.5,0.0,998.0,40,17.7
2022-02-26,-1.9,-13.4,0.0,1003.9,0,18.6
2022-02-27,0.1,-6.2,0.0,1001.9,75,17.1
2022-02-28,0.0,-3.8,0.0,1001.7,83,12.6
2022-03-01,1.1,-4.2,0.0,995.3,18,20.7
2022-03-02,-0.6,-11.9,0.0,998.6,1,15.5
2022-03-03,-0.9,-11.8,0.0,991.1,48,13.8
2022-03-04,-1.0,-13.2,0.0,984.7,93,12.2
2022-03-05,-3.5,-8.9,9.0,972.7,100,23.5
2022-03-06,-3.8,-14.1,5.6,961.5,100,29.6
2022-03-07,-13.4,-18.6,0.0,976.6,59,17.8
2022-03-08,-11.1,-21.6,0.0,990.6,39,13.7
2022-03-09,-10.9,-19.6,0.0,997.2,100,11.9
2022-03-10,-12.3,-17.2,0.0,1004.1,79,13.7
2022-03-11,-14.7,-21.7,0.0,1004.2,70,15.3
2022-03-12,-14.4,-23.8,0.0,998.5,23,13.2
2022-03-13,-12.1,-25.3,0.0,994.7,0,13.4
2022-03-14,-11.4,-20.4,0.0,996.6,82,11.9
2022-03-15,-10.8,-19.2,0.0,1002.6,100,12.1
2022-03-16,-9.8,-21.5,0.0,1009.7,23,10.5
2022-03-17,-5.7,-23.5,0.0,1004.9,41,15.5
2022-03-18,-4.2,-16.5,0.3,1006.0,54,15.2
2022-03-19,-0.2,-13.8,0.0,1005.2,20,15.1
2022-03-20,1.6,-8.6,0.0,990.8,40,19.7
2022-03-21,-0.6,-4.7,3.4,977.9,77,21.8
2022-03-22,-0.7,-4.4,0.4,987.3,94,25.5
2022-03-23,2.7,-3.1,0.0,984.5,55,28.5
2022-03-24,3.9,-1.0,0.0,986.7,84,31.7
2022-03-25,3.1,-4.4,0.0,985.4,69,24.6
2022-03-26,-3.5,-10.4,0.0,991.3,13,13.8
2022-03-27,-1.4,-12.2,0.0,980.3,33,24.5
2022-03-28,3.3,-3.7,0.7,973.5,84,28.8
2022-03-29,-1.4,-7.3,1.2,974.3,74,24.7
2022-03-30,4.3,-5.2,0.5,979.2,93,33.9
2022-03-31,2.3,-4.7,4.4,988.9,96,23.2
2022-04-01,8.1,-4.8,3.0,989.1,100,21.8
2022-04-02,4.8,-2.3,10.6,987.1,100,16.2
2022-04-03,6.9,-2.3,0.1,982.4,97,23.8
2022-04-04,6.2,2.7,2.8,975.8,99,24.3
2022-04-05,5.7,-1.4,0.1,976.6,81,26.3
2022-04-06,4.4,-4.4,0.0,989.6,65,15.8
2022-04-07,7.4,-4.8,5.5,985.5,75,21.9
2022-04-08,7.1,-2.0,0.0,991.1,51,15.3
2022-04-09,13.5,-2.5,0.0,993.8,56,11.4
2022-04-10,12.6,0.1,0.0,997.6,86,21.1
2022-04-11,13.1,0.2,0.0,996.8,46,18.0
2022-04-12,9.4,2.3,0.0,994.3,100,17.7
2022-04-13,12.1,2.8,2.1,990.6,79,15.5
2022-04-14,19.8,2.7,0.0,989.0,64,21.5
2022-04-15,15.0,6.9,1.8,984.8,75,17.4
2022-04-16,9.9,1.6,0.0,985.5,63,25.9
2022-04-17,8.0,-1.8,0.0,995.8,44,14.1
2022-04-18,10.3,0.2,0.0,995.3,95,11.9
2022-04-19,14.0,4.8,2.6,993.8,91,21.4
2022-04-20,10.6,2.8,6.0,989.7,100,14.1
2022-04-21,9.6,-0.7,0.0,989.0,34,28.2
2022-04-22,9.7,-4.6,0.0,994.8,0,14.5
2022-04-23,9.1,-2.9,0.0,994.9,27,15.2
2022-04-24,13.4,-1.6,0.0,994.7,47,12.6
2022-04-25,16.0,4.2,0.1,990.1,86,22.2
2022-04-26,17.5,6.3,0.4,991.0,78,12.2
2022-04-27,21.5,9.0,0.2,988.5,72,29.5
2022-04-28,22.9,12.3,0.1,986.8,96,29.2
2022-04-29,13.7,6.2,1.9,992.4,59,16.6
2022-04-30,11.1,1.8,0.0,994.9,100,15.0
2022-05-01,13.9,2.4,0.0,986.4,65,20.2
2022-05-02,9.8,0.9,0.0,989.3,24,21.8
2022-05-03,13.9,2.2,0.0,991.0,34,16.3
2022-05-04,16.1,4.2,0.0,986.3,40,21.9
2022-05-05,18.9,5.4,0.0,981.2,43,24.5
2022-05-06,8.9,2.8,1.1,988.9,48,33.9
2022-05-07,13.8,1.0,0.0,1002.5,14,25.1
2022-05-08,17.5,3.0,0.0,1002.6,21,14.0
2022-05-09,17.6,4.9,0.0,996.0,91,17.2
2022-05-10,16.2,9.2,4.3,984.0,100,28.2
2022-05-11,16.1,8.8,0.8,982.1,88,21.0
2022-05-12,17.5,4.3,0.0,990.4,38,19.5
2022-05-13,13.9,8.3,3.9,980.2,80,28.4
2022-05-14,15.4,6.8,0.2,976.3,77,17.6
2022-05-15,18.5,7.7,0.0,979.1,58,18.8
2022-05-16,15.3,6.2,5.8,973.9,88,15.7
2022-05-17,17.4,7.6,1.0,974.5,32,20.6
2022-05-18,18.0,7.7,3.4,976.8,84,20.6
2022-05-19,14.8,6.3,2.0,977.3,32,26.4
2022-05-20,13.1,6.3,0.9,981.0,83,25.9
2022-05-21,8.6,2.5,21.2,969.8,100,29.8
2022-05-22,11.2,4.1,0.4,970.8,56,26.6
2022-05-23,10.8,3.2,2.0,976.1,81,19.6
2022-05-24,16.4,8.4,1.8,980.7,79,20.5
2022-05-25,23.6,12.6,1.0,980.2,86,22.5
2022-05-26,17.1,8.2,0.3,983.1,87,22.1
2022-05-27,18.7,8.7,0.0,983.5,44,23.7
2022-05-28,18.2,8.6,7.5,983.2,58,22.3
2022-05-29,20.8,9.9,3.6,986.1,49,28.6
2022-05-30,17.2,11.5,4.5,989.6,82,19.5
2022-05-31,15.9,8.9,3.3,988.0,59,24.0
2022-06-01,20.1,9.2,0.0,993.1,40,19.7
2022-06-02,25.1,11.1,0.0,993.8,31,20.0
2022-06-03,23.1,13.8,0.1,990.3,31,22.0
2022-06-04,15.1,8.8,1.2,991.4,41,23.6
2022-06-05,17.0,9.7,0.0,990.1,68,18.1
2022-06-06,18.3,9.3,0.0,987.6,100,15.3
2022-06-07,22.9,12.9,8.8,974.1,73,30.0
2022-06-08,18.7,11.9,3.4,971.5,57,25.0
2022-06-09,16.8,10.4,7.4,973.3,77,14.1
2022-06-10,18.2,10.9,7.1,975.2,70,17.8
2022-06-11,19.2,11.4,3.1,974.9,68,19.2
2022-06-12,17.6,10.5,0.0,976.9,47,20.0
2022-06-13,14.6,8.6,5.8,979.8,76,15.9
2022-06-14,20.7,11.4,0.3,984.6,33,17.5
2022-06-15,23.9,11.9,0.0,987.4,33,17.3
2022-06-16,25.5,14.4,0.0,987.0,14,12.8
2022-06-17,25.0,13.6,0.5,985.2,36,17.3
2022-06-18,24.9,14.8,3.8,982.0,90,12.8
2022-06-19,22.5,14.9,13.1,979.9,88,15.1
2022-06-20,22.8,14.6,0.1,975.4,53,19.7
2022-06-21,16.5,13.4,3.2,967.1,68,35.2
2022-06-22,21.8,13.9,0.0,972.2,38,31.4
2022-06-23,26.4,13.1,0.3,980.2,46,10.7
2022-06-24,25.0,16.8,8.5,982.7,78,12.1
2022-06-25,23.9,15.9,5.7,978.9,62,20.9
2022-06-26,16.2,11.7,0.0,979.9,65,28.6
2022-06-27,18.4,9.0,0.0,983.4,81,23.7
2022-06-28,14.4,8.6,2.9,980.2,72,24.9
2022-06-29,13.6,6.4,0.4,980.9,63,29.5
2022-06-30,19.1,8.8,0.0,981.7,54,17.1
2022-07-01,20.3,9.1,0.1,986.2,31,13.7
2022-07-02,21.5,10.2,0.0,986.7,76,16.8
2022-07-03,22.8,11.2,0.5,982.6,28,12.3
2022-07-04,17.0,12.2,4.8,980.0,89,27.5
2022-07-05,16.5,10.2,0.5,983.7,87,25.3
2022-07-06,18.8,8.6,0.0,984.8,62,8.9
2022-07-07,23.1,10.1,0.5,988.7,41,17.4
2022-07-08,26.7,14.4,0.0,991.2,21,13.0
2022-07-09,27.9,15.2,0.0,990.1,14,13.1
2022-07-10,28.0,14.9,0.0,990.4,82,12.5
2022-07-11,28.6,18.5,0.0,993.5,88,14.7
2022-07-12,28.1,20.0,0.0,997.7,94,14.8
2022-07-13,28.0,18.2,0.0,996.6,40,10.6
2022-07-14,30.5,19.1,0.0,990.4,12,11.2
2022-07-15,28.9,20.5,7.4,984.6,62,18.5
2022-07-16,23.6,18.1,3.1,982.3,75,22.8
2022-07-17,26.6,18.4,0.1,986.9,32,18.4
2022-07-18,25.0,16.7,1.0,990.1,49,11.5
2022-07-19,27.4,18.0,0.1,986.0,59,21.2
2022-07-20,24.1,18.1,0.0,980.3,30,22.1
2022-07-21,22.6,14.4,0.3,980.9,12,23.0
2022-07-22,24.5,14.4,0.2,982.9,15,14.6
2022-07-23,25.6,16.0,0.1,982.2,28,13.3
2022-07-24,26.6,14.1,0.0,983.6,20,8.9
2022-07-25,30.1,17.0,0.0,983.3,23,17.9
2022-07-26,28.5,18.2,1.7,981.3,95,19.7
2022-07-27,23.0,16.4,1.3,983.6,92,21.5
2022-07-28,21.8,14.2,0.0,988.1,53,20.5
2022-07-29,23.0,15.1,0.3,988.6,80,21.2
2022-07-30,24.5,14.6,0.0,988.6,75,17.6
2022-07-31,25.1,16.9,2.0,986.4,46,17.6
2022-08-01,21.1,15.6,2.2,985.8,70,12.6
2022-08-02,21.9,15.4,10.1,989.3,77,18.3
2022-08-03,23.1,13.6,0.0,994.2,13,15.5
2022-08-04,24.8,13.6,0.0,996.5,0,10.0
2022-08-05,27.0,14.1,0.0,996.7,0,10.0
2022-08-06,27.6,15.4,0.0,995.1,22,11.6
2022-08-07,27.2,17.0,0.1,993.3,77,13.2
2022-08-08,27.0,17.9,0.6,992.4,72,13.3
2022-08-09,26.8,16.4,0.0,992.4,5,11.7
2022-08-10,27.9,16.4,0.0,992.9,17,10.3
2022-08-11,29.5,16.9,0.0,991.4,42,15.6
2022-08-12,23.0,13.8,0.0,992.7,32,24.7
2022-08-13,25.0,15.7,0.0,989.3,19,27.2
2022-08-14,21.0,12.3,0.0,993.4,20,17.4
2022-08-15,21.5,11.2,0.0,995.7,24,15.0
2022-08-16,22.8,11.6,0.0,997.0,6,14.1
2022-08-17,21.1,12.9,0.0,995.6,42,20.4
2022-08-18,16.6,10.4,1.0,998.3,57,18.8
2022-08-19,19.8,8.6,0.0,1003.1,55,19.0
2022-08-20,25.4,13.8,0.2,1000.2,43,23.5
2022-08-21,22.4,14.3,0.0,1000.7,52,19.2
2022-08-22,26.8,12.6,0.0,1000.8,44,12.6
2022-08-23,28.1,14.9,0.0,1001.9,21,12.4
2022-08-24,27.5,14.4,0.0,1001.3,43,12.0
2022-08-25,28.6,16.8,0.0,998.5,12,15.6
2022-08-26,28.5,16.6,0.3,995.7,10,16.5
2022-08-27,25.6,16.9,0.2,997.0,34,12.2
2022-08-28,27.0,15.1,0.0,998.0,5,12.8
2022-08-29,27.0,12.9,0.0,995.1,28,11.2
2022-08-30,28.3,14.3,0.0,992.5,35,10.5
2022-08-31,31.4,17.8,0.0,984.4,57,28.5
2022-09-01,30.8,16.5,0.0,984.1,42,11.9
2022-09-02,32.7,16.5,0.0,983.5,80,23.2
2022-09-03,20.2,12.9,1.1,987.7,77,24.1
2022-09-04,17.2,8.6,0.1,992.5,75,14.8
2022-09-05,12.7,9.0,8.0,984.7,100,26.2
2022-09-06,12.1,8.8,1.1,980.1,100,15.7
2022-09-07,11.9,7.4,3.9,979.7,62,26.3
2022-09-08,13.8,5.8,0.1,988.1,75,18.7
2022-09-09,13.6,5.8,1.5,989.2,49,15.8
2022-09-10,14.1,5.4,0.1,988.2,71,17.3
2022-09-11,12.0,5.4,0.2,990.1,57,18.3
2022-09-12,12.1,5.8,0.3,995.0,62,10.9
2022-09-13,14.6,4.5,0.0,998.3,40,10.7
2022-09-14,16.2,5.4,0.0,998.7,69,13.6
2022-09-15,17.7,6.8,0.0,995.0,60,21.9
2022-09-16,15.9,11.3,0.0,989.3,96,24.0
2022-09-17,13.8,10.8,1.7,987.6,75,21.4
2022-09-18,20.8,13.2,0.7,989.4,90,20.2
2022-09-19,25.5,11.7,0.0,992.2,81,17.7
2022-09-20,26.0,13.1,0.0,993.3,33,20.0
2022-09-21,24.2,10.5,0.0,992.4,53,13.0
2022-09-22,23.1,9.3,0.0,993.0,63,11.4
2022-09-23,25.6,10.6,0.0,991.9,44,13.3
2022-09-24,25.6,10.6,7.6,985.6,94,23.4
2022-09-25,15.4,8.9,4.4,983.4,89,25.7
2022-09-26,8.7,1.4,45.3,981.3,100,25.4
2022-09-27,2.1,-0.3,0.4,991.6,98,19.5
2022-09-28,2.0,-1.0,0.1,998.2,85,13.3
2022-09-29,3.5,-0.5,0.0,1000.9,85,15.3
2022-09-30,3.8,-0.4,0.0,1005.9,93,18.4
2022-10-01,5.2,0.3,0.0,1007.4,97,17.3
2022-10-02,8.6,4.1,0.0,1002.3,83,18.8
2022-10-03,13.5,3.7,0.0,1000.4,42,19.0
2022-10-04,15.4,5.4,0.0,1005.1,22,14.3
2022-10-05,11.8,3.9,0.0,1005.4,91,17.9
2022-10-06,12.4,6.6,0.3,996.4,100,22.3
2022-10-07,12.2,5.2,2.8,988.2,51,18.2
2022-10-08,10.0,4.7,2.7,987.1,79,20.9
2022-10-09,11.5,5.0,0.0,996.3,69,22.5
2022-10-10,14.9,5.3,0.0,997.6,82,16.6
2022-10-11,13.4,5.4,0.0,996.6,99,10.4
2022-10-12,11.6,4.8,0.0,994.7,98,9.2
2022-10-13,11.8,6.6,0.0,990.4,95,13.3
2022-10-14,11.9,5.1,0.5,986.8,43,17.0
2022-10-15,9.6,3.6,0.7,991.8,77,10.5
2022-10-16,8.3,2.5,1.0,996.1,55,17.5
2022-10-17,9.4,2.7,0.1,999.6,77,22.3
2022-10-18,9.9,2.8,0.0,991.9,57,17.6
2022-10-19,6.7,3.2,5.9,979.1,96,13.9
2022-10-20,7.7,2.5,0.5,981.3,96,16.1
2022-10-21,7.3,0.1,0.0,982.6,53,17.7
2022-10-22,1.6,-0.8,0.0,984.6,97,25.1
2022-10-23,2.2,-2.2,0.0,995.5,70,24.0
2022-10-24,3.2,-3.0,0.2,991.6,75,24.4
2022-10-25,4.5,0.2,2.4,981.9,100,25.0
2022-10-26,1.1,-1.0,0.0,990.0,83,24.5
2022-10-27,0.9,-3.0,0.1,1002.5,55,16.1
2022-10-28,2.7,-3.7,0.0,1001.1,60,19.1
2022-10-29,2.8,-4.2,0.0,997.8,92,11.9
2022-10-30,0.7,-5.4,0.0,987.7,51,19.8
2022-10-31,2.8,-1.8,2.4,977.8,100,26.3
2022-11-01,4.4,2.2,6.0,975.8,100,25.2
2022-11-02,4.2,-2.0,3.7,974.7,98,23.4
2022-11-03,0.9,-3.0,1.1,978.5,92,19.0
2022-11-04,0.2,-3.8,8.8,978.1,100,27.5
2022-11-05,0.0,-2.5,2.2,982.5,100,26.4
2022-11-06,-0.7,-3.1,0.5,991.0,98,19.4
2022-11-07,0.6,-2.3,0.4,992.8,100,14.4
2022-11-08,-0.7,-4.2,0.2,992.4,98,11.2
2022-11-09,1.1,-3.2,0.2,994.3,100,16.9
2022-11-10,1.8,0.1,5.0,994.6,100,16.1
2022-11-11,2.7,-0.9,2.3,992.2,99,17.7
2022-11-12,4.1,1.7,7.2,981.9,100,19.1
2022-11-13,1.8,0.1,12.7,959.7,100,21.1
2022-11-14,0.1,-5.5,9.1,955.3,100,26.6
2022-11-15,-5.9,-9.8,1.9,970.4,100,24.5
2022-11-16,-9.9,-18.5,0.0,984.0,86,17.7
2022-11-17,-14.4,-22.5,0.0,998.6,75,8.4
2022-11-18,-10.5,-19.4,0.1,998.4,100,13.3
2022-11-19,-10.4,-14.9,0.0,995.0,55,13.5
2022-11-20,-12.2,-19.5,0.0,998.0,55,11.0
2022-11-21,-12.4,-21.1,0.0,992.3,21,13.9
2022-11-22,-8.4,-14.4,0.0,994.3,67,16.5
2022-11-23,-10.9,-17.5,0.3,1000.6,91,17.1
2022-11-24,-9.7,-10.7,12.5,991.6,100,15.8
2022-11-25,-10.1,-20.0,0.8,1001.0,55,20.4
2022-11-26,-19.7,-22.5,0.0,1018.5,84,14.1
2022-11-27,-19.5,-23.8,0.0,1018.9,63,13.9
2022-11-28,-17.7,-21.1,0.0,1019.2,81,11.5
2022-11-29,-19.0,-24.8,0.0,1015.6,16,14.5
2022-11-30,-11.9,-21.1,0.0,1010.8,98,13.7
2022-12-01,-11.9,-20.4,0.0,1013.1,100,10.8
2022-12-02,-19.3,-22.4,0.0,1021.3,61,12.8
2022-12-03,-15.8,-25.4,0.0,1021.3,2,14.3
2022-12-04,-7.8,-16.2,1.7,1012.0,90,20.8
2022-12-05,-7.1,-17.6,1.6,1009.9,96,17.1
2022-12-06,-15.9,-23.5,0.0,1013.3,71,12.7
2022-12-07,-23.0,-28.0,0.0,1011.1,54,14.1
2022-12-08,-13.4,-24.2,0.0,1007.7,31,19.6
2022-12-09,-12.8,-16.1,0.0,1007.5,51,20.3
2022-12-10,-8.3,-12.6,0.8,1006.6,100,17.1
2022-12-11,-8.6,-10.8,0.0,1004.7,100,18.4
2022-12-12,-2.7,-8.1,0.2,1001.4,100,18.4
2022-12-13,-4.3,-13.3,0.0,1004.7,83,12.4
2022-12-14,-13.6,-19.1,0.0,1011.3,50,16.1
2022-12-15,-13.2,-20.1,0.0,1007.5,57,16.0
2022-12-16,-11.8,-22.3,0.0,1005.8,88,13.0
2022-12-17,-4.9,-14.6,0.0,1003.7,94,14.4
2022-12-18,-0.2,-8.2,3.7,1000.7,100,25.4
2022-12-19,1.8,-1.0,3.3,985.9,97,27.0
2022-12-20,-0.5,-18.3,0.3,988.5,30,28.0
2022-12-21,-14.8,-22.2,0.0,990.0,28,17.3
2022-12-22,-12.8,-23.5,0.0,998.4,61,25.6
2022-12-23,0.4,-11.2,3.0,990.4,100,27.0
2022-12-24,0.6,-3.5,0.3,996.2,99,15.7
2022-12-25,-4.0,-9.7,0.0,997.9,21,18.1
2022-12-26,-6.2,-11.7,0.0,999.0,84,16.3
2022-12-27,-5.9,-10.1,0.9,1000.9,99,13.7
2022-12-28,-10.4,-13.0,0.0,1001.8,94,8.8
2022-12-29,-11.5,-13.9,0.0,1002.0,100,9.7
2022-12-30,-12.6,-15.5,2.1,1000.9,100,11.2
2022-12-31,-15.9,-24.0,0.4,1001.9,100,11.4
2023-01-01,-19.2,-22.8,0.5,1000.3,100,17.5
2023-01-02,-4.4,-18.8,4.0,979.9,100,30.3
2023-01-03,-4.1,-7.8,5.3,967.7,88,30.1
2023-01-04,-7.1,-11.6,0.9,975.4,92,15.9
2023-01-05,-10.4,-15.6,0.0,980.1,100,10.2
2023-01-06,-8.9,-14.6,1.7,979.6,96,21.8
2023-01-07,-5.9,-25.0,1.6,973.8,52,25.1
2023-01-08,-25.0,-27.2,0.1,982.2,94,24.1
2023-01-09,-24.9,-26.8,0.3,996.2,95,17.8
2023-01-10,-20.1,-28.0,0.0,1008.2,46,26.6
2023-01-11,-14.4,-19.5,0.0,1014.7,86,30.3
2023-01-12,-11.5,-14.6,0.0,1010.5,85,32.8
2023-01-13,-7.5,-14.8,0.0,1008.4,89,18.8
2023-01-14,-6.7,-8.9,0.0,1007.0,92,29.2
2023-01-15,-5.3,-8.6,0.0,1008.6,67,19.8
2023-01-16,-7.3,-13.4,0.0,1009.5,30,17.7
2023-01-17,-10.3,-20.7,0.0,1010.7,0,15.5
2023-01-18,-9.2,-15.4,0.0,1011.5,0,14.0
2023-01-19,-7.7,-16.5,0.0,1011.6,43,14.8
2023-01-20,-8.9,-16.5,0.0,1014.5,12,15.3
2023-01-21,-4.2,-13.3,0.0,1016.9,37,16.2
2023-01-22,-2.5,-8.7,0.0,1014.2,99,18.0
2023-01-23,-5.9,-10.2,0.0,1011.7,98,21.4
2023-01-24,-6.9,-13.2,0.0,1006.8,49,14.4
2023-01-25,-5.8,-14.3,0.0,999.5,89,13.4
2023-01-26,-5.8,-11.8,0.1,993.6,84,21.2
2023-01-27,-2.2,-6.6,2.5,991.4,90,15.8
2023-01-28,-5.8,-9.0,0.0,991.7,93,19.6
2023-01-29,-5.8,-11.8,0.0,993.3,60,14.5
2023-01-30,-8.6,-15.4,0.0,991.0,64,11.7
2023-01-31,-5.8,-14.1,0.0,991.2,89,12.8
2023-02-01,-6.8,-12.9,0.0,994.5,49,11.9
2023-02-02,-8.4,-16.4,0.0,997.3,25,13.5
2023-02-03,-9.7,-18.5,0.0,997.6,14,15.5
2023-02-04,-10.6,-18.6,0.0,998.2,3,15.1
2023-02-05,-11.6,-21.0,0.0,997.4,77,11.3
2023-02-06,-9.2,-12.5,0.0,998.0,100,11.9
2023-02-07,-8.4,-12.7,0.7,1003.0,99,11.2
2023-02-08,-11.7,-17.0,0.0,1001.9,82,11.4
2023-02-09,-6.1,-11.8,1.4,993.0,78,27.4
2023-02-10,-3.5,-6.8,0.0,993.0,100,27.7
2023-02-11,-3.5,-6.5,0.2,995.2,100,15.8
2023-02-12,-6.9,-13.3,0.0,997.6,76,12.5
2023-02-13,-10.4,-18.8,0.0,995.9,56,14.6
2023-02-14,-9.3,-13.9,0.0,994.9,100,16.2
2023-02-15,-12.4,-15.3,0.0,995.6,100,10.7
2023-02-16,-11.1,-16.5,0.0,1003.2,100,9.9
2023-02-17,-12.6,-17.3,0.3,999.7,100,17.6
2023-02-18,-10.9,-14.9,0.3,992.1,99,11.9
2023-02-19,-15.2,-24.2,0.0,989.0,40,14.7
2023-02-20,-13.6,-21.6,1.5,983.1,96,15.0
2023-02-21,-4.2,-17.8,8.3,976.0,100,22.1
2023-02-22,-8.0,-15.5,0.0,970.8,92,15.1
2023-02-23,-4.6,-12.1,2.4,966.1,100,22.8
2023-02-24,-10.1,-13.4,0.7,972.8,77,24.4
2023-02-25,-8.0,-16.9,0.2,988.7,75,18.1
2023-02-26,-2.0,-7.7,0.0,997.2,94,21.7
2023-02-27,1.5,-6.3,0.8,989.6,100,31.9
2023-02-28,0.3,-4.3,0.2,979.3,93,23.4
2023-03-01,-4.5,-9.3,1.4,968.3,66,18.6
2023-03-02,-5.6,-9.8,0.0,968.3,63,26.4
2023-03-03,-9.5,-13.8,0.1,975.5,48,23.8
2023-03-04,-2.0,-13.0,0.5,980.9,70,19.2
2023-03-05,-0.8,-5.2,1.1,975.0,88,28.7
2023-03-06,-0.6,-6.7,0.3,973.2,47,31.2
2023-03-07,-4.7,-12.1,0.0,978.5,53,20.1
2023-03-08,-2.3,-7.7,0.5,987.8,49,21.9
2023-03-09,2.0,-2.7,0.0,989.6,98,30.4
2023-03-10,3.1,-0.6,0.0,986.0,75,29.0
2023-03-11,3.0,-3.3,0.0,981.4,52,24.2
2023-03-12,-2.5,-11.6,0.0,999.7,6,21.0
2023-03-13,1.4,-5.1,0.0,996.5,71,27.7
2023-03-14,0.6,-4.6,11.0,990.4,75,27.5
2023-03-15,1.5,-9.2,0.4,999.1,74,17.7
2023-03-16,4.6,-2.5,0.1,999.3,43,19.6
2023-03-17,5.9,-4.9,0.0,996.9,31,12.2
2023-03-18,4.9,-3.1,0.3,995.3,61,19.5
2023-03-19,-3.0,-9.9,0.0,1009.4,10,15.3
2023-03-20,-3.1,-11.0,0.0,1001.9,98,20.0
2023-03-21,5.2,-3.6,0.0,993.1,77,13.3
2023-03-22,5.7,-3.2,0.0,985.5,74,21.1
2023-03-23,3.3,-2.3,0.0,989.7,82,22.6
2023-03-24,6.4,-1.5,0.0,988.6,15,16.4
2023-03-25,7.7,1.9,0.0,982.6,70,19.8
2023-03-26,10.9,0.6,0.0,983.6,78,18.3
2023-03-27,16.0,2.9,0.0,985.6,55,26.9
2023-03-28,16.0,5.0,0.3,981.6,86,24.5
2023-03-29,4.0,-3.5,0.6,993.5,48,22.0
2023-03-30,4.1,-5.7,0.0,1004.4,1,15.4
2023-03-31,5.8,-4.8,0.0,1003.7,63,25.0
2023-04-01,10.6,-0.4,0.0,998.1,83,27.3
2023-04-02,11.2,-2.0,0.0,998.6,8,19.4
2023-04-03,12.8,-2.7,0.0,998.7,0,15.0
2023-04-04,14.2,-2.2,0.0,997.2,48,12.7
2023-04-05,15.4,-1.4,0.0,991.6,7,14.8
2023-04-06,14.0,2.7,0.0,985.9,48,25.1
2023-04-07,4.1,-6.2,0.0,1000.5,26,26.1
2023-04-08,7.9,-7.8,0.0,1003.0,7,12.1
2023-04-09,11.9,-2.8,0.0,998.7,0,12.5
2023-04-10,12.1,-0.2,0.0,989.4,24,23.1
2023-04-11,8.9,-3.6,0.0,993.7,45,11.5
2023-04-12,12.2,-3.0,0.0,991.2,26,27.0
2023-04-13,16.5,-1.1,0.0,988.0,21,29.8
2023-04-14,-0.8,-8.4,0.0,995.3,80,30.3
2023-04-15,1.9,-8.6,0.0,995.9,16,20.4
2023-04-16,7.8,-5.4,0.0,993.3,2,17.7
2023-04-17,7.2,-3.0,0.0,996.7,48,18.0
2023-04-18,11.4,0.1,0.1,999.4,100,19.8
2023-04-19,10.2,-1.2,0.0,1004.9,85,12.9
2023-04-20,11.2,2.3,8.3,997.8,80,20.5
2023-04-21,14.2,-0.4,0.1,990.9,62,15.5
2023-04-22,11.1,5.6,8.7,986.4,100,18.0
2023-04-23,11.8,3.2,6.9,979.3,60,21.2
2023-04-24,17.7,4.2,0.0,991.5,59,20.7
2023-04-25,21.0,5.7,0.0,996.4,1,17.7
2023-04-26,21.5,6.6,0.0,994.2,98,23.4
2023-04-27,21.5,12.4,0.3,986.9,74,27.3
2023-04-28,20.6,8.1,0.0,987.0,22,22.4
2023-04-29,13.6,6.3,0.0,993.6,54,14.5
2023-04-30,21.4,4.7,0.0,993.7,63,24.5
2023-05-01,12.8,2.2,0.0,997.9,98,20.0
2023-05-02,19.4,5.4,0.0,998.5,68,16.9
2023-05-03,22.5,9.6,0.0,999.4,18,22.1
2023-05-04,22.5,11.9,0.0,999.6,33,22.1
2023-05-05,22.5,10.3,0.0,998.5,78,19.4
2023-05-06,22.6,10.1,0.0,993.8,53,22.7
2023-05-07,24.4,6.7,0.0,988.0,77,35.3
2023-05-08,12.7,3.7,0.0,995.3,83,18.3
2023-05-09,11.4,2.6,0.0,1000.3,55,17.3
2023-05-10,13.6,2.8,0.0,996.4,65,13.8
2023-05-11,18.0,3.1,0.0,992.6,30,14.2
2023-05-12,14.2,5.8,0.7,993.7,85,17.2
2023-05-13,11.1,5.6,1.1,986.1,85,21.3
2023-05-14,17.7,3.4,0.9,989.9,56,13.0
2023-05-15,18.2,7.4,0.2,993.2,45,12.1
2023-05-16,21.1,7.7,0.0,994.1,3,17.9
2023-05-17,18.1,9.8,0.0,997.6,5,22.7
2023-05-18,13.7,8.2,0.0,998.2,99,23.7
2023-05-19,16.8,7.3,0.0,997.5,90,22.8
2023-05-20,20.7,7.0,0.0,997.9,0,18.0
2023-05-21,23.5,8.1,0.0,998.7,50,16.9
2023-05-22,24.4,8.8,0.0,1000.8,13,14.0
2023-05-23,25.3,9.7,0.0,1002.5,28,12.8
2023-05-24,26.5,11.1,0.0,1001.4,7,16.7
2023-05-25,28.4,15.1,0.0,998.4,50,13.7
2023-05-26,26.2,14.6,0.0,996.6,14,11.1
2023-05-27,28.2,15.1,0.0,993.9,62,12.6
2023-05-28,30.0,17.2,0.0,991.6,65,13.9
2023-05-29,30.5,17.5,0.0,992.0,16,19.8
2023-05-30,29.0,17.0,0.0,994.4,37,16.1
2023-05-31,31.6,18.5,0.0,992.0,89,20.2
2023-06-01,30.1,22.1,0.3,987.3,94,30.1
2023-06-02,30.9,19.3,0.2,987.7,96,18.1
2023-06-03,34.1,18.8,0.0,986.5,50,28.8
2023-06-04,33.5,19.0,0.1,987.2,48,20.4
2023-06-05,28.9,18.6,0.0,986.9,7,17.2
2023-06-06,28.6,17.1,6.9,986.0,53,21.7
2023-06-07,19.1,13.9,0.6,981.7,56,28.5
2023-06-08,21.5,11.0,0.0,987.5,44,18.5
2023-06-09,19.0,11.4,0.1,990.8,51,13.4
2023-06-10,23.3,11.2,0.1,991.0,55,19.2
2023-06-11,18.1,12.4,0.5,991.8,85,18.6
2023-06-12,16.8,8.1,0.0,997.4,84,15.1
2023-06-13,17.8,9.3,0.0,998.5,18,17.2
2023-06-14,22.6,9.1,0.0,994.9,27,11.3
2023-06-15,25.0,11.4,0.0,987.1,19,19.1
2023-06-16,24.9,13.0,0.0,983.6,67,15.5
2023-06-17,24.5,14.0,0.0,980.0,60,25.5
2023-06-18,17.2,11.4,2.0,980.4,99,22.5
2023-06-19,12.2,9.7,0.3,975.0,84,32.1
2023-06-20,14.6,7.1,0.4,974.2,53,28.7
2023-06-21,11.9,7.7,1.2,976.9,94,27.7
2023-06-22,15.9,8.3,0.0,983.6,90,17.1
2023-06-23,17.5,9.9,0.2,986.1,72,12.6
2023-06-24,19.8,10.4,0.0,985.3,84,14.6
2023-06-25,20.0,10.6,2.2,982.3,74,18.1
2023-06-26,13.4,11.5,15.5,977.2,100,26.8
2023-06-27,20.7,10.9,2.4,978.7,72,29.6
2023-06-28,23.7,10.5,0.0,982.4,24,15.8
2023-06-29,25.2,15.0,0.3,983.7,59,23.3
2023-06-30,25.2,12.9,0.0,984.5,47,15.6
2023-07-01,31.0,18.4,0.2,979.4,39,27.4
2023-07-02,26.5,19.4,0.0,975.9,86,21.3
2023-07-03,26.8,15.5,0.3,978.5,52,12.8
2023-07-04,28.4,17.9,0.8,984.4,33,18.6
2023-07-05,30.2,19.2,1.0,988.6,28,19.6
2023-07-06,29.6,19.1,1.9,989.7,38,9.6
2023-07-07,28.5,19.1,0.0,989.7,20,20.0
2023-07-08,29.0,17.0,0.0,990.5,44,9.2
2023-07-09,33.2,18.1,0.0,986.1,21,14.0
2023-07-10,36.5,21.5,0.0,982.6,69,19.9
2023-07-11,38.0,23.5,0.0,982.5,73,19.4
2023-07-12,33.2,21.1,0.9,981.0,81,28.6
2023-07-13,25.2,17.5,0.0,982.4,57,17.1
2023-07-14,22.8,15.4,12.6,974.4,90,19.4
2023-07-15,20.5,14.1,5.9,973.7,73,24.4
2023-07-16,21.1,13.4,0.1,979.7,76,19.0
2023-07-17,25.5,16.1,1.4,979.3,56,20.9
2023-07-18,23.5,16.1,0.3,977.6,83,15.5
2023-07-19,22.9,15.9,4.8,972.9,45,14.7
2023-07-20,25.5,15.2,0.4,974.4,39,21.4
2023-07-21,24.0,15.1,0.0,980.3,39,19.1
2023-07-22,24.1,15.9,5.4,983.4,75,20.8
2023-07-23,23.0,15.1,0.1,982.9,28,22.9
2023-07-24,24.8,14.7,0.0,984.0,21,11.7
2023-07-25,25.6,14.9,0.4,983.1,33,14.0
2023-07-26,26.8,14.6,0.0,983.3,35,14.5
2023-07-27,28.0,17.4,0.7,983.9,24,15.1
2023-07-28,29.5,20.5,0.0,981.6,25,23.2
2023-07-29,27.7,18.0,0.0,984.6,1,14.8
2023-07-30,28.2,18.1,0.0,985.3,3,14.8
2023-07-31,28.9,18.5,0.0,983.3,31,17.0
2023-08-01,26.6,18.5,18.4,981.2,86,15.1
2023-08-02,26.2,17.4,0.1,983.2,58,12.1
2023-08-03,25.8,17.4,0.0,984.5,86,12.3
2023-08-04,27.5,18.1,0.0,985.3,27,14.1
2023-08-05,26.8,18.2,0.3,987.2,32,13.9
2023-08-06,25.0,18.8,3.4,985.4,51,18.7
2023-08-07,24.2,17.2,11.4,983.8,68,16.9
2023-08-08,20.0,17.0,8.0,982.0,91,17.8
2023-08-09,24.8,16.1,1.4,986.9,65,16.6
2023-08-10,25.0,15.6,0.7,990.1,50,21.6
2023-08-11,21.1,12.6,0.0,995.6,26,23.4
2023-08-12,20.8,12.6,0.0,996.9,13,22.1
2023-08-13,21.5,10.1,0.0,998.3,4,15.9
2023-08-14,26.2,11.7,0.0,995.0,51,15.5
2023-08-15,27.4,15.6,0.0,990.9,19,10.7
2023-08-16,27.8,16.4,0.0,990.9,9,9.9
2023-08-17,27.2,16.8,0.1,993.2,12,10.4
2023-08-18,28.0,17.6,0.3,993.4,24,8.6
2023-08-19,27.2,19.2,1.0,990.0,46,16.8
2023-08-20,20.4,13.6,0.2,991.7,58,17.0
2023-08-21,22.6,15.4,1.0,984.2,89,20.6
2023-08-22,20.6,10.9,0.4,981.9,68,12.4
2023-08-23,17.5,12.6,13.2,976.7,83,16.8
2023-08-24,16.0,8.7,0.0,979.8,50,18.8
2023-08-25,16.5,8.8,0.1,980.1,30,16.7
2023-08-26,15.6,7.8,0.4,980.8,34,11.7
2023-08-27,15.4,7.3,0.4,978.6,44,9.7
2023-08-28,13.3,8.6,5.1,972.7,89,17.8
2023-08-29,13.4,9.6,36.1,968.5,97,30.9
2023-08-30,12.8,8.1,14.8,967.3,89,35.3
2023-08-31,14.9,7.3,0.7,973.4,74,13.0
2023-09-01,13.6,9.9,12.8,979.4,81,24.7
2023-09-02,17.7,9.1,9.2,985.6,71,28.6
2023-09-03,16.5,11.6,0.3,988.7,80,25.2
2023-09-04,15.2,8.6,0.3,992.4,80,19.8
2023-09-05,15.2,5.7,0.0,993.6,43,12.3
2023-09-06,17.1,4.6,0.0,990.3,4,10.6
2023-09-07,19.2,7.1,0.0,984.2,7,11.8
2023-09-08,17.7,11.1,3.7,983.1,87,21.6
2023-09-09,15.6,11.2,20.2,981.8,91,26.3
2023-09-10,13.4,9.6,4.6,981.6,81,23.4
2023-09-11,12.2,7.6,8.3,984.5,84,26.3
2023-09-12,16.4,9.2,1.0,988.1,42,22.5
2023-09-13,18.6,8.9,0.0,994.7,20,15.7
2023-09-14,19.9,9.1,0.0,995.8,25,9.9
2023-09-15,19.8,7.7,0.0,995.9,26,9.3
2023-09-16,18.6,10.4,0.7,995.3,69,10.0
2023-09-17,19.4,11.6,0.3,995.0,36,9.2
2023-09-18,19.0,9.4,0.0,993.1,20,13.5
2023-09-19,17.5,10.4,1.6,988.9,31,14.2
2023-09-20,13.5,6.4,0.0,995.8,24,15.5
2023-09-21,17.9,5.6,0.0,996.3,3,16.3
2023-09-22,19.8,12.8,0.0,994.3,80,23.8
2023-09-23,15.7,7.4,0.0,1002.8,49,15.7
2023-09-24,21.1,10.4,0.0,1003.2,47,16.3
2023-09-25,22.4,11.9,0.0,998.8,2,13.7
2023-09-26,16.6,11.1,0.5,996.8,49,19.6
2023-09-27,15.4,6.7,0.0,997.7,82,15.7
2023-09-28,15.6,9.4,0.2,993.9,46,19.9
2023-09-29,12.0,8.4,3.3,989.5,96,11.5
2023-09-30,12.1,7.1,1.1,991.5,61,12.8
2023-10-01,12.7,7.8,0.2,995.8,72,11.6
2023-10-02,15.9,7.0,0.0,992.4,39,20.3
2023-10-03,16.6,10.1,3.3,992.2,100,16.7
2023-10-04,16.6,9.8,1.0,991.6,64,15.4
2023-10-05,18.5,9.1,0.0,989.8,26,24.1
2023-10-06,13.1,7.6,0.6,986.8,85,19.7
2023-10-07,13.8,8.2,0.9,982.1,62,13.0
2023-10-08,10.2,5.9,8.4,971.0,93,32.4
2023-10-09,9.4,6.2,3.1,970.0,100,28.2
2023-10-10,7.5,2.3,0.0,978.2,58,21.1
2023-10-11,7.4,1.2,1.0,986.0,56,16.6
2023-10-12,7.3,2.0,0.0,991.3,76,22.2
2023-10-13,8.9,4.1,1.3,984.5,100,23.6
2023-10-14,9.2,3.5,0.1,984.5,56,24.9
2023-10-15,8.6,2.7,3.0,987.2,89,18.0
2023-10-16,15.8,8.1,0.0,988.2,54,19.2
2023-10-17,13.3,5.8,0.0,988.3,0,26.6
2023-10-18,9.4,3.4,2.1,983.8,45,21.6
2023-10-19,8.0,1.9,0.0,990.7,36,27.6
2023-10-20,6.7,0.6,0.2,990.3,41,14.7
2023-10-21,6.4,-0.9,2.6,985.1,69,16.6
2023-10-22,2.5,-1.0,2.9,978.0,91,29.0
2023-10-23,1.8,-1.5,0.4,986.9,93,24.6
2023-10-24,7.2,0.6,10.4,974.4,100,18.5
2023-10-25,5.6,-3.8,13.6,972.6,99,28.0
2023-10-26,-2.1,-3.8,0.2,984.2,87,27.6
2023-10-27,-1.4,-5.7,0.3,995.6,69,18.9
2023-10-28,-1.4,-4.9,1.9,990.3,99,16.3
2023-10-29,-0.1,-2.1,9.8,979.9,100,23.1
2023-10-30,0.1,-2.8,4.2,977.1,100,15.1
2023-10-31,-0.4,-3.1,2.8,987.5,99,11.0
2023-11-01,0.9,-4.2,0.0,992.8,100,14.6
2023-11-02,3.6,0.4,2.6,992.4,100,15.0
2023-11-03,7.7,1.3,0.0,986.2,91,25.0
2023-11-04,6.0,-3.5,0.9,993.9,70,21.0
2023-11-05,0.9,-4.9,0.0,1003.1,20,13.6
2023-11-06,4.1,-2.6,0.0,999.3,6,18.4
2023-11-07,4.6,-0.9,0.0,991.5,79,18.4
2023-11-08,2.3,-2.1,0.2,982.2,79,14.0
2023-11-09,3.6,-1.6,0.1,985.1,85,18.0
2023-11-10,4.2,-0.8,1.7,990.4,98,21.3
2023-11-11,4.2,2.8,4.1,986.8,100,20.2
2023-11-12,3.7,0.6,0.0,995.3,93,14.7
2023-11-13,2.6,-2.0,0.0,999.0,93,21.9
2023-11-14,5.8,2.1,0.6,990.9,100,25.4
2023-11-15,4.7,0.2,2.1,978.4,95,21.7
2023-11-16,2.7,-1.0,0.1,980.2,77,16.1
2023-11-17,3.6,0.5,1.3,981.9,93,12.6
2023-11-18,0.4,-7.5,0.4,984.0,70,24.6
2023-11-19,-4.8,-8.8,0.0,995.2,42,18.0
2023-11-20,-5.0,-10.3,0.0,1002.9,77,13.6
2023-11-21,-4.1,-8.2,0.0,993.2,100,23.7
2023-11-22,-1.7,-5.2,12.3,971.5,100,16.3
2023-11-23,0.0,-10.1,3.2,965.6,100,24.5
2023-11-24,-10.8,-16.3,0.0,973.2,26,17.8
2023-11-25,1.6,-12.6,1.7,977.2,91,20.9
2023-11-26,0.6,-5.1,0.7,991.2,96,18.4
2023-11-27,0.2,-4.4,0.0,992.2,100,15.6
2023-11-28,0.2,-4.1,0.0,987.5,81,14.7
2023-11-29,-0.9,-3.1,1.1,987.6,100,14.1
2023-11-30,-2.7,-6.0,9.5,988.7,100,17.2
2023-12-01,-4.3,-6.7,0.0,990.2,100,15.1
2023-12-02,-0.1,-6.1,6.0,977.9,100,16.6
2023-12-03,-0.2,-9.7,1.3,979.3,93,27.9
2023-12-04,-1.7,-12.6,4.0,989.3,97,25.0
2023-12-05,-0.3,-13.1,0.4,981.6,75,21.2
2023-12-06,-13.4,-25.0,0.1,993.3,64,16.3
2023-12-07,-25.6,-33.2,0.0,1010.5,14,12.6
2023-12-08,-29.0,-34.2,0.0,1014.9,10,14.1
2023-12-09,-23.9,-32.5,0.0,1013.9,3,14.5
2023-12-10,-21.6,-25.7,0.0,1014.2,79,13.1
2023-12-11,-24.1,-35.9,0.0,1022.4,87,13.0
2023-12-12,-26.4,-36.4,0.0,1029.6,28,20.5
2023-12-13,-21.6,-26.0,0.0,1027.2,28,24.2
2023-12-14,-19.0,-23.8,0.0,1022.0,93,22.5
2023-12-15,-14.8,-22.1,0.0,1014.7,65,15.6
2023-12-16,-17.5,-22.2,0.0,1006.2,29,13.6
2023-12-17,-11.4,-17.5,0.1,994.8,96,17.0
2023-12-18,-9.2,-18.9,0.3,986.0,40,16.6
2023-12-19,-6.7,-12.0,0.0,982.0,59,14.5
2023-12-20,-0.8,-10.9,2.5,982.6,71,29.6
2023-12-21,2.8,-0.8,0.0,985.4,100,28.8
2023-12-22,2.4,-1.5,0.0,990.2,99,28.7
2023-12-23,-1.4,-7.1,0.0,985.2,100,17.3
2023-12-24,-5.1,-7.1,0.1,976.6,100,16.2
2023-12-25,1.1,-5.1,1.4,971.3,91,28.8
2023-12-26,-3.0,-4.4,25.5,960.1,100,43.0
2023-12-27,-4.2,-8.1,0.7,968.7,84,26.6
2023-12-28,-3.2,-7.4,4.5,969.3,89,19.7
2023-12-29,-3.6,-11.4,5.7,963.7,66,30.8
2023-12-30,-11.1,-13.5,0.0,974.1,46,27.1
2023-12-31,-1.5,-20.6,1.8,980.0,71,22.1
